--
-- PostgreSQL database dump
--

-- Dumped from database version 15.0
-- Dumped by pg_dump version 15.0

-- Started on 2022-11-09 02:47:19

SET statement_timeout = 0;
SET lock_timeout = 0;
SET idle_in_transaction_session_timeout = 0;
SET client_encoding = 'UTF8';
SET standard_conforming_strings = on;
SELECT pg_catalog.set_config('search_path', '', false);
SET check_function_bodies = false;
SET xmloption = content;
SET client_min_messages = warning;
SET row_security = off;

--
-- TOC entry 4280 (class 0 OID 34833)
-- Dependencies: 219
-- Data for Name: advance_type; Type: TABLE DATA; Schema: public; Owner: postgres
--

INSERT INTO public.advance_type (id, version, unit_name, default_max_value, updatable, unit_precision, active, percentage, quality_form, read_only) VALUES (505, 5, 'children', 100.0000, false, 0.0100, true, true, false, false);
INSERT INTO public.advance_type (id, version, unit_name, default_max_value, updatable, unit_precision, active, percentage, quality_form, read_only) VALUES (506, 4, 'percentage', 100.0000, false, 0.0100, true, true, false, false);
INSERT INTO public.advance_type (id, version, unit_name, default_max_value, updatable, unit_precision, active, percentage, quality_form, read_only) VALUES (507, 3, 'units', 2147483647.0000, false, 1.0000, true, false, false, false);
INSERT INTO public.advance_type (id, version, unit_name, default_max_value, updatable, unit_precision, active, percentage, quality_form, read_only) VALUES (508, 2, 'subcontractor', 100.0000, false, 0.0100, true, true, false, false);
INSERT INTO public.advance_type (id, version, unit_name, default_max_value, updatable, unit_precision, active, percentage, quality_form, read_only) VALUES (509, 1, 'timesheets', 100.0000, false, 0.0100, true, true, false, true);


--
-- TOC entry 4277 (class 0 OID 34818)
-- Dependencies: 216
-- Data for Name: advance_assignment; Type: TABLE DATA; Schema: public; Owner: postgres
--



--
-- TOC entry 4329 (class 0 OID 35094)
-- Dependencies: 268
-- Data for Name: order_element_template; Type: TABLE DATA; Schema: public; Owner: postgres
--



--
-- TOC entry 4278 (class 0 OID 34823)
-- Dependencies: 217
-- Data for Name: advance_assignment_template; Type: TABLE DATA; Schema: public; Owner: postgres
--



--
-- TOC entry 4327 (class 0 OID 35084)
-- Dependencies: 266
-- Data for Name: order_element; Type: TABLE DATA; Schema: public; Owner: postgres
--



--
-- TOC entry 4302 (class 0 OID 34951)
-- Dependencies: 241
-- Data for Name: direct_advance_assignment; Type: TABLE DATA; Schema: public; Owner: postgres
--



--
-- TOC entry 4279 (class 0 OID 34828)
-- Dependencies: 218
-- Data for Name: advance_measurement; Type: TABLE DATA; Schema: public; Owner: postgres
--



--
-- TOC entry 4282 (class 0 OID 34841)
-- Dependencies: 221
-- Data for Name: assignment_function; Type: TABLE DATA; Schema: public; Owner: postgres
--



--
-- TOC entry 4283 (class 0 OID 34846)
-- Dependencies: 222
-- Data for Name: base_calendar; Type: TABLE DATA; Schema: public; Owner: postgres
--

INSERT INTO public.base_calendar (id, version, code, name, code_autogenerated, last_sequence_code) VALUES (202, 1, 'CALENDAR0001', 'Default', true, 0);


--
-- TOC entry 4295 (class 0 OID 34914)
-- Dependencies: 234
-- Data for Name: criterion_type; Type: TABLE DATA; Schema: public; Owner: postgres
--

INSERT INTO public.criterion_type (id, version, code, name, predefined_type_internal_name, description, allow_simultaneous_criterions_per_resource, allow_hierarchy, last_criterion_sequence_code, enabled, code_autogenerated, resource) VALUES (425984, 22, 'CRITERION0001', 'LOCATION', 'LOCATION', 'Worker location', true, false, 5, true, true, 0);
INSERT INTO public.criterion_type (id, version, code, name, predefined_type_internal_name, description, allow_simultaneous_criterions_per_resource, allow_hierarchy, last_criterion_sequence_code, enabled, code_autogenerated, resource) VALUES (425985, 10, 'CRITERION0002', 'CATEGORY', 'CATEGORY', 'Professional category', true, true, 3, true, true, 0);
INSERT INTO public.criterion_type (id, version, code, name, predefined_type_internal_name, description, allow_simultaneous_criterions_per_resource, allow_hierarchy, last_criterion_sequence_code, enabled, code_autogenerated, resource) VALUES (425986, 1, 'CRITERION0003', 'SKILL', 'SKILL', 'Worker skill', true, true, 0, true, true, 0);


--
-- TOC entry 4292 (class 0 OID 34897)
-- Dependencies: 231
-- Data for Name: criterion; Type: TABLE DATA; Schema: public; Owner: postgres
--

INSERT INTO public.criterion (id, version, code, name, predefined_criterion_internal_name, active, id_criterion_type, parent) VALUES (1414, 21, 'CRITERION0001-0001', 'Africa', 'Africa', true, 425984, NULL);
INSERT INTO public.criterion (id, version, code, name, predefined_criterion_internal_name, active, id_criterion_type, parent) VALUES (1415, 19, 'CRITERION0001-0002', 'America', 'America', true, 425984, NULL);
INSERT INTO public.criterion (id, version, code, name, predefined_criterion_internal_name, active, id_criterion_type, parent) VALUES (1416, 17, 'CRITERION0001-0003', 'Asia', 'Asia', true, 425984, NULL);
INSERT INTO public.criterion (id, version, code, name, predefined_criterion_internal_name, active, id_criterion_type, parent) VALUES (1417, 15, 'CRITERION0001-0004', 'Australia', 'Australia', true, 425984, NULL);
INSERT INTO public.criterion (id, version, code, name, predefined_criterion_internal_name, active, id_criterion_type, parent) VALUES (1418, 13, 'CRITERION0001-0005', 'Europe', 'Europe', true, 425984, NULL);
INSERT INTO public.criterion (id, version, code, name, predefined_criterion_internal_name, active, id_criterion_type, parent) VALUES (1419, 8, 'CRITERION0002-0001', 'Manager', 'Manager', true, 425985, NULL);
INSERT INTO public.criterion (id, version, code, name, predefined_criterion_internal_name, active, id_criterion_type, parent) VALUES (1420, 6, 'CRITERION0002-0002', 'Senior worker', 'Senior worker', true, 425985, NULL);
INSERT INTO public.criterion (id, version, code, name, predefined_criterion_internal_name, active, id_criterion_type, parent) VALUES (1421, 4, 'CRITERION0002-0003', 'Junior worker', 'Junior worker', true, 425985, NULL);


--
-- TOC entry 4313 (class 0 OID 35008)
-- Dependencies: 252
-- Data for Name: label_type; Type: TABLE DATA; Schema: public; Owner: postgres
--

INSERT INTO public.label_type (id, version, code, name, code_autogenerated, last_label_sequence_code) VALUES (909, 1, 'LABEL0001', 'Priority', true, 3);


--
-- TOC entry 4312 (class 0 OID 35001)
-- Dependencies: 251
-- Data for Name: label; Type: TABLE DATA; Schema: public; Owner: postgres
--

INSERT INTO public.label (id, version, code, name, label_type_id) VALUES (1010, 1, 'LABEL0001-0001', 'Medium urgency', 909);
INSERT INTO public.label (id, version, code, name, label_type_id) VALUES (1011, 1, 'LABEL0001-0002', 'Low urgency', 909);
INSERT INTO public.label (id, version, code, name, label_type_id) VALUES (1012, 1, 'LABEL0001-0003', 'High urgency', 909);


--
-- TOC entry 4349 (class 0 OID 35190)
-- Dependencies: 288
-- Data for Name: scenario; Type: TABLE DATA; Schema: public; Owner: postgres
--

INSERT INTO public.scenario (id, version, name, description, last_not_owned_reassignations_time_stamp, predecessor) VALUES (1515, 0, 'master', NULL, NULL, NULL);


--
-- TOC entry 4371 (class 0 OID 35298)
-- Dependencies: 310
-- Data for Name: user_table; Type: TABLE DATA; Schema: public; Owner: postgres
--

INSERT INTO public.user_table (id, version, login_name, password, email, disabled, lastconnectedscenario, libreplan_user, application_language, expand_company_planning_view_charts, expand_order_planning_view_charts, expand_resource_load_view_charts, first_name, last_name, projects_filter_period_since, projects_filter_period_to, resources_load_filter_period_since, resources_load_filter_period_to, projects_filter_label_id, resources_load_filter_criterion_id) VALUES (1818, 1, 'admin', 'e02a1a8809e830cf7b7c875e43c16e684ed02a818c7ac25aeadd515432f908ea041447720c194d6b0ec19a1c3dd97f7b378efaab4dd8efd46de568adf3f44c9a', NULL, false, NULL, true, 0, false, true, true, '', '', NULL, NULL, NULL, NULL, NULL, NULL);
INSERT INTO public.user_table (id, version, login_name, password, email, disabled, lastconnectedscenario, libreplan_user, application_language, expand_company_planning_view_charts, expand_order_planning_view_charts, expand_resource_load_view_charts, first_name, last_name, projects_filter_period_since, projects_filter_period_to, resources_load_filter_period_since, resources_load_filter_period_to, projects_filter_label_id, resources_load_filter_criterion_id) VALUES (1819, 1, 'wsreader', '9134100ea9446b87a04cda86febe02900e53ca5af2f5b9422c5120bc3291079a7de3ea91ec72e944167e3fbcb97d35a2a904ee66bacf3727a67f7e5bf9fdaadc', NULL, false, NULL, true, 0, false, true, true, '', '', NULL, NULL, NULL, NULL, NULL, NULL);
INSERT INTO public.user_table (id, version, login_name, password, email, disabled, lastconnectedscenario, libreplan_user, application_language, expand_company_planning_view_charts, expand_order_planning_view_charts, expand_resource_load_view_charts, first_name, last_name, projects_filter_period_since, projects_filter_period_to, resources_load_filter_period_since, resources_load_filter_period_to, projects_filter_label_id, resources_load_filter_criterion_id) VALUES (1820, 1, 'wswriter', 'a3d23705b1bb5ededfc890707b8e3331760206a6ceb213469fdf320dbe889170c2da17106005c5d057c51462621d7d77f33e005e6b9f1cddec6fa8c9b7a66eb8', NULL, false, NULL, true, 0, false, true, true, '', '', NULL, NULL, NULL, NULL, NULL, NULL);
INSERT INTO public.user_table (id, version, login_name, password, email, disabled, lastconnectedscenario, libreplan_user, application_language, expand_company_planning_view_charts, expand_order_planning_view_charts, expand_resource_load_view_charts, first_name, last_name, projects_filter_period_since, projects_filter_period_to, resources_load_filter_period_since, resources_load_filter_period_to, projects_filter_label_id, resources_load_filter_criterion_id) VALUES (1821, 1, 'wssubcontracting', 'ce46d7f9a6d17b8ed0eceb71944154b5e42884eef2a111f2a3609b827d9cc2c5c007b9f04343eeb9c8db28696d1426c3c29c2fee2e95332790a9c208b1602224', NULL, false, NULL, true, 0, false, true, true, '', '', NULL, NULL, NULL, NULL, NULL, NULL);
INSERT INTO public.user_table (id, version, login_name, password, email, disabled, lastconnectedscenario, libreplan_user, application_language, expand_company_planning_view_charts, expand_order_planning_view_charts, expand_resource_load_view_charts, first_name, last_name, projects_filter_period_since, projects_filter_period_to, resources_load_filter_period_since, resources_load_filter_period_to, projects_filter_label_id, resources_load_filter_criterion_id) VALUES (1822, 1, 'manager', '4a9c5fecbaa3c8fe4facd803e0f85aded921757addc9072758fac7811dda1bc7d1ae0c2c91f48e604d0b61b21d3c3f7b19f8d176f28c4e3aa3eacb0cd263c016', NULL, false, NULL, true, 0, false, true, true, '', '', NULL, NULL, NULL, NULL, NULL, NULL);
INSERT INTO public.user_table (id, version, login_name, password, email, disabled, lastconnectedscenario, libreplan_user, application_language, expand_company_planning_view_charts, expand_order_planning_view_charts, expand_resource_load_view_charts, first_name, last_name, projects_filter_period_since, projects_filter_period_to, resources_load_filter_period_since, resources_load_filter_period_to, projects_filter_label_id, resources_load_filter_criterion_id) VALUES (1823, 1, 'hresources', '9cef1471412b2d225ca48841f390402ac14127682efdaafc0463114df6e77c7f46aeac5f7e828369eae3d32d6b1e002c0f333bb13723d765be9477be841b82de', NULL, false, NULL, true, 0, false, true, true, '', '', NULL, NULL, NULL, NULL, NULL, NULL);
INSERT INTO public.user_table (id, version, login_name, password, email, disabled, lastconnectedscenario, libreplan_user, application_language, expand_company_planning_view_charts, expand_order_planning_view_charts, expand_resource_load_view_charts, first_name, last_name, projects_filter_period_since, projects_filter_period_to, resources_load_filter_period_since, resources_load_filter_period_to, projects_filter_label_id, resources_load_filter_criterion_id) VALUES (1824, 1, 'outsourcing', '4e7e9a5e908c11370a48a90214134647f9429865172f76dd2c80df01d39b6c503b57268d1f02cb04ee590a0c357d8b2dcf91ceb21ffb622b5a77ff707fa4fc3a', NULL, false, NULL, true, 0, false, true, true, '', '', NULL, NULL, NULL, NULL, NULL, NULL);
INSERT INTO public.user_table (id, version, login_name, password, email, disabled, lastconnectedscenario, libreplan_user, application_language, expand_company_planning_view_charts, expand_order_planning_view_charts, expand_resource_load_view_charts, first_name, last_name, projects_filter_period_since, projects_filter_period_to, resources_load_filter_period_since, resources_load_filter_period_to, projects_filter_label_id, resources_load_filter_criterion_id) VALUES (1825, 1, 'reports', 'f61ce5c70ced64bdc89bb9ded8dd2076baefb51a45997b5aca911e0d2df7997605c7fc3b6c793fa886591b531e3c2430e31e8cce3a495b59c8e5b11c889f3e85', NULL, false, NULL, true, 0, false, true, true, '', '', NULL, NULL, NULL, NULL, NULL, NULL);


--
-- TOC entry 4305 (class 0 OID 34964)
-- Dependencies: 244
-- Data for Name: external_company; Type: TABLE DATA; Schema: public; Owner: postgres
--



--
-- TOC entry 4358 (class 0 OID 35231)
-- Dependencies: 297
-- Data for Name: subcontracted_task_data; Type: TABLE DATA; Schema: public; Owner: postgres
--



--
-- TOC entry 4361 (class 0 OID 35248)
-- Dependencies: 300
-- Data for Name: task_element; Type: TABLE DATA; Schema: public; Owner: postgres
--



--
-- TOC entry 4360 (class 0 OID 35243)
-- Dependencies: 299
-- Data for Name: task; Type: TABLE DATA; Schema: public; Owner: postgres
--



--
-- TOC entry 4345 (class 0 OID 35172)
-- Dependencies: 284
-- Data for Name: resource_allocation; Type: TABLE DATA; Schema: public; Owner: postgres
--



--
-- TOC entry 4307 (class 0 OID 34976)
-- Dependencies: 246
-- Data for Name: generic_resource_allocation; Type: TABLE DATA; Schema: public; Owner: postgres
--



--
-- TOC entry 4281 (class 0 OID 34838)
-- Dependencies: 220
-- Data for Name: all_criterions; Type: TABLE DATA; Schema: public; Owner: postgres
--



--
-- TOC entry 4284 (class 0 OID 34853)
-- Dependencies: 223
-- Data for Name: calendar_availability; Type: TABLE DATA; Schema: public; Owner: postgres
--



--
-- TOC entry 4285 (class 0 OID 34858)
-- Dependencies: 224
-- Data for Name: calendar_data; Type: TABLE DATA; Schema: public; Owner: postgres
--

INSERT INTO public.calendar_data (id, version, code, parent, expiring_date, base_calendar_id, position_in_calendar) VALUES (303, 1, '046aa2d7-5c3a-4d6e-889d-3adc9715d4d4', NULL, NULL, 202, 0);


--
-- TOC entry 4287 (class 0 OID 34868)
-- Dependencies: 226
-- Data for Name: calendar_exception_type; Type: TABLE DATA; Schema: public; Owner: postgres
--

INSERT INTO public.calendar_exception_type (id, version, code, code_autogenerated, name, color, standard_effort, allowed_extra_effort, updatable) VALUES (606, 9, 'CALENDAR_EXCEPTION_TYPE0001', true, 'RESOURCE_HOLIDAY', 'YELLOW', 0, 0, true);
INSERT INTO public.calendar_exception_type (id, version, code, code_autogenerated, name, color, standard_effort, allowed_extra_effort, updatable) VALUES (607, 8, 'CALENDAR_EXCEPTION_TYPE0002', true, 'LEAVE', 'MAGENTA', 0, 0, true);
INSERT INTO public.calendar_exception_type (id, version, code, code_autogenerated, name, color, standard_effort, allowed_extra_effort, updatable) VALUES (608, 7, 'CALENDAR_EXCEPTION_TYPE0003', true, 'STRIKE', 'PURPLE', 0, 0, true);
INSERT INTO public.calendar_exception_type (id, version, code, code_autogenerated, name, color, standard_effort, allowed_extra_effort, updatable) VALUES (609, 6, 'CALENDAR_EXCEPTION_TYPE0004', true, 'BANK_HOLIDAY', 'DEFAULT', 0, 0, true);
INSERT INTO public.calendar_exception_type (id, version, code, code_autogenerated, name, color, standard_effort, allowed_extra_effort, updatable) VALUES (610, 5, 'CALENDAR_EXCEPTION_TYPE0005', true, 'HALF_DAY_HOLIDAY', 'ORANGE', 14400, NULL, true);
INSERT INTO public.calendar_exception_type (id, version, code, code_autogenerated, name, color, standard_effort, allowed_extra_effort, updatable) VALUES (611, 4, 'CALENDAR_EXCEPTION_TYPE0006', true, 'WORKING_DAY', 'BLUE', 28800, NULL, false);
INSERT INTO public.calendar_exception_type (id, version, code, code_autogenerated, name, color, standard_effort, allowed_extra_effort, updatable) VALUES (612, 3, 'CALENDAR_EXCEPTION_TYPE0007', true, 'NOT_WORKING_DAY', 'GREEN', 0, 0, false);


--
-- TOC entry 4286 (class 0 OID 34863)
-- Dependencies: 225
-- Data for Name: calendar_exception; Type: TABLE DATA; Schema: public; Owner: postgres
--



--
-- TOC entry 4303 (class 0 OID 34956)
-- Dependencies: 242
-- Data for Name: capacity_per_day; Type: TABLE DATA; Schema: public; Owner: postgres
--

INSERT INTO public.capacity_per_day (base_calendar_id, standard_effort, day_id, allowed_extra_effort) VALUES (303, 28800, 0, NULL);
INSERT INTO public.capacity_per_day (base_calendar_id, standard_effort, day_id, allowed_extra_effort) VALUES (303, 28800, 1, NULL);
INSERT INTO public.capacity_per_day (base_calendar_id, standard_effort, day_id, allowed_extra_effort) VALUES (303, 28800, 2, NULL);
INSERT INTO public.capacity_per_day (base_calendar_id, standard_effort, day_id, allowed_extra_effort) VALUES (303, 28800, 3, NULL);
INSERT INTO public.capacity_per_day (base_calendar_id, standard_effort, day_id, allowed_extra_effort) VALUES (303, 28800, 4, NULL);
INSERT INTO public.capacity_per_day (base_calendar_id, standard_effort, day_id, allowed_extra_effort) VALUES (303, 0, 5, 0);
INSERT INTO public.capacity_per_day (base_calendar_id, standard_effort, day_id, allowed_extra_effort) VALUES (303, 0, 6, 0);


--
-- TOC entry 4368 (class 0 OID 35281)
-- Dependencies: 307
-- Data for Name: type_of_work_hours; Type: TABLE DATA; Schema: public; Owner: postgres
--

INSERT INTO public.type_of_work_hours (id, version, name, code, default_price, enabled, code_autogenerated) VALUES (808, 2, 'Default', 'WORK_HOURS_TYPE0001', 30.00, true, true);
INSERT INTO public.type_of_work_hours (id, version, name, code, default_price, enabled, code_autogenerated) VALUES (809, 1, 'Overtime', 'WORK_HOURS_TYPE0002', 50.00, true, true);


--
-- TOC entry 4288 (class 0 OID 34875)
-- Dependencies: 227
-- Data for Name: configuration; Type: TABLE DATA; Schema: public; Owner: postgres
--

INSERT INTO public.configuration (id, version, configuration_id, company_code, generate_code_for_cost_category, generate_code_for_calendar_exception_type, generate_code_for_work_report_type, generate_code_for_criterion, generate_code_for_label, generate_code_for_work_report, generate_code_for_resources, generate_code_for_types_of_work_hours, generate_code_for_material_categories, generate_code_for_unit_types, generate_code_for_base_calendars, monte_carlo_method_tab_visible, progress_type, company_logo_url, scenarios_visible, changed_default_admin_password, changed_default_wsreader_password, changed_default_wswriter_password, ldap_host, ldap_port, ldap_base, ldap_userdn, ldap_password, ldap_userid, ldap_save_password_db, ldap_auth_enabled, ldap_save_roles_db, ldap_group_path, ldap_role_property, ldap_search_query, enabled_autocomplete_login, ldap_group_strategy, check_new_version_enabled, allow_to_gather_usage_stats_enabled, generate_code_for_expense_sheets, currency_code, currency_symbol, personal_timesheets_type_of_work_hours, changed_default_wssubcontracting_password, changed_default_manager_password, changed_default_hresources_password, changed_default_outsourcing_password, changed_default_reports_password, personal_timesheets_periodicity, max_users, max_resources, seconds_planning_warning) VALUES (404, 2, 202, 'COMPANY_CODE', true, true, true, true, true, true, true, true, true, true, true, false, 0, '', false, false, false, false, NULL, NULL, NULL, NULL, NULL, NULL, true, false, false, NULL, NULL, NULL, true, true, true, false, true, 'EUR', '€', 808, false, false, false, false, false, 0, 0, 0, 30);


--
-- TOC entry 4381 (class 0 OID 36281)
-- Dependencies: 320
-- Data for Name: configuration_roles_ldap; Type: TABLE DATA; Schema: public; Owner: postgres
--



--
-- TOC entry 4394 (class 0 OID 36454)
-- Dependencies: 333
-- Data for Name: connector; Type: TABLE DATA; Schema: public; Owner: postgres
--

INSERT INTO public.connector (id, version, name) VALUES (707, 2, 'Tim');
INSERT INTO public.connector (id, version, name) VALUES (708, 1, 'Jira');


--
-- TOC entry 4395 (class 0 OID 36460)
-- Dependencies: 334
-- Data for Name: connector_property; Type: TABLE DATA; Schema: public; Owner: postgres
--

INSERT INTO public.connector_property (connector_id, connector_property_position, property_key, property_value) VALUES (707, 0, 'Activated', 'N');
INSERT INTO public.connector_property (connector_id, connector_property_position, property_key, property_value) VALUES (707, 1, 'Server URL', '');
INSERT INTO public.connector_property (connector_id, connector_property_position, property_key, property_value) VALUES (707, 2, 'Username', '');
INSERT INTO public.connector_property (connector_id, connector_property_position, property_key, property_value) VALUES (707, 3, 'Password', '');
INSERT INTO public.connector_property (connector_id, connector_property_position, property_key, property_value) VALUES (707, 4, 'Number of days timesheet to Tim', '7');
INSERT INTO public.connector_property (connector_id, connector_property_position, property_key, property_value) VALUES (707, 5, 'Number of days roster from Tim', '90');
INSERT INTO public.connector_property (connector_id, connector_property_position, property_key, property_value) VALUES (707, 6, 'Productivity factor', '100');
INSERT INTO public.connector_property (connector_id, connector_property_position, property_key, property_value) VALUES (707, 7, 'Department IDs to import toster', '0');
INSERT INTO public.connector_property (connector_id, connector_property_position, property_key, property_value) VALUES (708, 0, 'Activated', 'N');
INSERT INTO public.connector_property (connector_id, connector_property_position, property_key, property_value) VALUES (708, 1, 'Server URL', '');
INSERT INTO public.connector_property (connector_id, connector_property_position, property_key, property_value) VALUES (708, 2, 'Username', '');
INSERT INTO public.connector_property (connector_id, connector_property_position, property_key, property_value) VALUES (708, 3, 'Password', '');
INSERT INTO public.connector_property (connector_id, connector_property_position, property_key, property_value) VALUES (708, 4, 'JIRA labels: comma-separated list of labels or URL', '');
INSERT INTO public.connector_property (connector_id, connector_property_position, property_key, property_value) VALUES (708, 5, 'Hours type', 'Default');


--
-- TOC entry 4333 (class 0 OID 35112)
-- Dependencies: 272
-- Data for Name: order_line_group; Type: TABLE DATA; Schema: public; Owner: postgres
--



--
-- TOC entry 4311 (class 0 OID 34996)
-- Dependencies: 250
-- Data for Name: indirect_advance_assignment; Type: TABLE DATA; Schema: public; Owner: postgres
--



--
-- TOC entry 4290 (class 0 OID 34885)
-- Dependencies: 229
-- Data for Name: consolidation; Type: TABLE DATA; Schema: public; Owner: postgres
--



--
-- TOC entry 4289 (class 0 OID 34880)
-- Dependencies: 228
-- Data for Name: consolidated_value; Type: TABLE DATA; Schema: public; Owner: postgres
--



--
-- TOC entry 4291 (class 0 OID 34890)
-- Dependencies: 230
-- Data for Name: cost_category; Type: TABLE DATA; Schema: public; Owner: postgres
--



--
-- TOC entry 4332 (class 0 OID 35107)
-- Dependencies: 271
-- Data for Name: order_line; Type: TABLE DATA; Schema: public; Owner: postgres
--



--
-- TOC entry 4335 (class 0 OID 35122)
-- Dependencies: 274
-- Data for Name: order_line_template; Type: TABLE DATA; Schema: public; Owner: postgres
--



--
-- TOC entry 4310 (class 0 OID 34989)
-- Dependencies: 249
-- Data for Name: hours_group; Type: TABLE DATA; Schema: public; Owner: postgres
--



--
-- TOC entry 4293 (class 0 OID 34904)
-- Dependencies: 232
-- Data for Name: criterion_requirement; Type: TABLE DATA; Schema: public; Owner: postgres
--



--
-- TOC entry 4346 (class 0 OID 35177)
-- Dependencies: 285
-- Data for Name: resource_calendar; Type: TABLE DATA; Schema: public; Owner: postgres
--



--
-- TOC entry 4344 (class 0 OID 35167)
-- Dependencies: 283
-- Data for Name: resource; Type: TABLE DATA; Schema: public; Owner: postgres
--



--
-- TOC entry 4294 (class 0 OID 34909)
-- Dependencies: 233
-- Data for Name: criterion_satisfaction; Type: TABLE DATA; Schema: public; Owner: postgres
--



--
-- TOC entry 4383 (class 0 OID 36320)
-- Dependencies: 322
-- Data for Name: customer_communication; Type: TABLE DATA; Schema: public; Owner: postgres
--



--
-- TOC entry 4276 (class 0 OID 34811)
-- Dependencies: 215
-- Data for Name: databasechangelog; Type: TABLE DATA; Schema: public; Owner: postgres
--

INSERT INTO public.databasechangelog (id, author, filename, dateexecuted, orderexecuted, exectype, md5sum, description, comments, tag, liquibase) VALUES ('initial-database-creation-1', 'mrego', 'src/main/resources/db.changelog-database.xml', '2022-11-09 02:30:35.500993+01', 1, 'EXECUTED', '3:0819191bfc79c85258e53388e6c3a269', 'Create Table', '', NULL, '2.0-rc7');
INSERT INTO public.databasechangelog (id, author, filename, dateexecuted, orderexecuted, exectype, md5sum, description, comments, tag, liquibase) VALUES ('initial-database-creation-2', 'mrego', 'src/main/resources/db.changelog-database.xml', '2022-11-09 02:30:35.500993+01', 2, 'EXECUTED', '3:492e699609703ebfdc7f14d0b9d3fa10', 'Create Table', '', NULL, '2.0-rc7');
INSERT INTO public.databasechangelog (id, author, filename, dateexecuted, orderexecuted, exectype, md5sum, description, comments, tag, liquibase) VALUES ('initial-database-creation-3', 'mrego', 'src/main/resources/db.changelog-database.xml', '2022-11-09 02:30:35.500993+01', 3, 'EXECUTED', '3:ce0671ca8c9c310243bcc2ffb2d35523', 'Create Table', '', NULL, '2.0-rc7');
INSERT INTO public.databasechangelog (id, author, filename, dateexecuted, orderexecuted, exectype, md5sum, description, comments, tag, liquibase) VALUES ('initial-database-creation-4', 'mrego', 'src/main/resources/db.changelog-database.xml', '2022-11-09 02:30:35.500993+01', 4, 'EXECUTED', '3:5a28bfc5ca316e6f6cd3a0b3ef5f67b9', 'Create Table', '', NULL, '2.0-rc7');
INSERT INTO public.databasechangelog (id, author, filename, dateexecuted, orderexecuted, exectype, md5sum, description, comments, tag, liquibase) VALUES ('initial-database-creation-5', 'mrego', 'src/main/resources/db.changelog-database.xml', '2022-11-09 02:30:35.500993+01', 5, 'EXECUTED', '3:dd32a9e5c58bd33f528f3a4176736205', 'Create Table', '', NULL, '2.0-rc7');
INSERT INTO public.databasechangelog (id, author, filename, dateexecuted, orderexecuted, exectype, md5sum, description, comments, tag, liquibase) VALUES ('initial-database-creation-6', 'mrego', 'src/main/resources/db.changelog-database.xml', '2022-11-09 02:30:35.500993+01', 6, 'EXECUTED', '3:de107aebd954ab5c29c39bd6260b1c69', 'Create Table', '', NULL, '2.0-rc7');
INSERT INTO public.databasechangelog (id, author, filename, dateexecuted, orderexecuted, exectype, md5sum, description, comments, tag, liquibase) VALUES ('initial-database-creation-7', 'mrego', 'src/main/resources/db.changelog-database.xml', '2022-11-09 02:30:35.500993+01', 7, 'EXECUTED', '3:588d5677bcc5dff757c327873f896443', 'Create Table', '', NULL, '2.0-rc7');
INSERT INTO public.databasechangelog (id, author, filename, dateexecuted, orderexecuted, exectype, md5sum, description, comments, tag, liquibase) VALUES ('initial-database-creation-8', 'mrego', 'src/main/resources/db.changelog-database.xml', '2022-11-09 02:30:35.500993+01', 8, 'EXECUTED', '3:7fa824a67c2de27b2b2a3f66e5118412', 'Create Table', '', NULL, '2.0-rc7');
INSERT INTO public.databasechangelog (id, author, filename, dateexecuted, orderexecuted, exectype, md5sum, description, comments, tag, liquibase) VALUES ('initial-database-creation-9', 'mrego', 'src/main/resources/db.changelog-database.xml', '2022-11-09 02:30:35.500993+01', 9, 'EXECUTED', '3:93bc8fa1188ddda3969df439f29c8f31', 'Create Table', '', NULL, '2.0-rc7');
INSERT INTO public.databasechangelog (id, author, filename, dateexecuted, orderexecuted, exectype, md5sum, description, comments, tag, liquibase) VALUES ('initial-database-creation-10', 'mrego', 'src/main/resources/db.changelog-database.xml', '2022-11-09 02:30:35.500993+01', 10, 'EXECUTED', '3:0c72c8c2330c2408a6b079239c401a91', 'Create Table', '', NULL, '2.0-rc7');
INSERT INTO public.databasechangelog (id, author, filename, dateexecuted, orderexecuted, exectype, md5sum, description, comments, tag, liquibase) VALUES ('initial-database-creation-11', 'mrego', 'src/main/resources/db.changelog-database.xml', '2022-11-09 02:30:35.500993+01', 11, 'EXECUTED', '3:30ecc1c237e1c3c3db800537ffa8883d', 'Create Table', '', NULL, '2.0-rc7');
INSERT INTO public.databasechangelog (id, author, filename, dateexecuted, orderexecuted, exectype, md5sum, description, comments, tag, liquibase) VALUES ('initial-database-creation-12', 'mrego', 'src/main/resources/db.changelog-database.xml', '2022-11-09 02:30:35.500993+01', 12, 'EXECUTED', '3:f3c4e20ee90e3380f608f73bd0bbb630', 'Create Table', '', NULL, '2.0-rc7');
INSERT INTO public.databasechangelog (id, author, filename, dateexecuted, orderexecuted, exectype, md5sum, description, comments, tag, liquibase) VALUES ('initial-database-creation-13', 'mrego', 'src/main/resources/db.changelog-database.xml', '2022-11-09 02:30:35.500993+01', 13, 'EXECUTED', '3:aaaa113557606faf71ee9f5ee1df07ce', 'Create Table', '', NULL, '2.0-rc7');
INSERT INTO public.databasechangelog (id, author, filename, dateexecuted, orderexecuted, exectype, md5sum, description, comments, tag, liquibase) VALUES ('initial-database-creation-14', 'mrego', 'src/main/resources/db.changelog-database.xml', '2022-11-09 02:30:35.500993+01', 14, 'EXECUTED', '3:54c846355565319d7d50bd78f4f569bb', 'Create Table', '', NULL, '2.0-rc7');
INSERT INTO public.databasechangelog (id, author, filename, dateexecuted, orderexecuted, exectype, md5sum, description, comments, tag, liquibase) VALUES ('initial-database-creation-15', 'mrego', 'src/main/resources/db.changelog-database.xml', '2022-11-09 02:30:35.500993+01', 15, 'EXECUTED', '3:206376e864171d400ce1602f7ef53d49', 'Create Table', '', NULL, '2.0-rc7');
INSERT INTO public.databasechangelog (id, author, filename, dateexecuted, orderexecuted, exectype, md5sum, description, comments, tag, liquibase) VALUES ('initial-database-creation-16', 'mrego', 'src/main/resources/db.changelog-database.xml', '2022-11-09 02:30:35.500993+01', 16, 'EXECUTED', '3:cf757d69a753e856b6342f679cff9fac', 'Create Table', '', NULL, '2.0-rc7');
INSERT INTO public.databasechangelog (id, author, filename, dateexecuted, orderexecuted, exectype, md5sum, description, comments, tag, liquibase) VALUES ('initial-database-creation-17', 'mrego', 'src/main/resources/db.changelog-database.xml', '2022-11-09 02:30:35.500993+01', 17, 'EXECUTED', '3:ce6dfb988cb41f0adbe43e1855caa76e', 'Create Table', '', NULL, '2.0-rc7');
INSERT INTO public.databasechangelog (id, author, filename, dateexecuted, orderexecuted, exectype, md5sum, description, comments, tag, liquibase) VALUES ('initial-database-creation-18', 'mrego', 'src/main/resources/db.changelog-database.xml', '2022-11-09 02:30:35.500993+01', 18, 'EXECUTED', '3:967c04d80a2d485f868b3c984579c4e8', 'Create Table', '', NULL, '2.0-rc7');
INSERT INTO public.databasechangelog (id, author, filename, dateexecuted, orderexecuted, exectype, md5sum, description, comments, tag, liquibase) VALUES ('initial-database-creation-19', 'mrego', 'src/main/resources/db.changelog-database.xml', '2022-11-09 02:30:35.500993+01', 19, 'EXECUTED', '3:4e9058f3e2f5b8173503167ec5c538a3', 'Create Table', '', NULL, '2.0-rc7');
INSERT INTO public.databasechangelog (id, author, filename, dateexecuted, orderexecuted, exectype, md5sum, description, comments, tag, liquibase) VALUES ('initial-database-creation-20', 'mrego', 'src/main/resources/db.changelog-database.xml', '2022-11-09 02:30:35.500993+01', 20, 'EXECUTED', '3:60a882fa6c0f1d848bf4c69f9bfff35c', 'Create Table', '', NULL, '2.0-rc7');
INSERT INTO public.databasechangelog (id, author, filename, dateexecuted, orderexecuted, exectype, md5sum, description, comments, tag, liquibase) VALUES ('initial-database-creation-21', 'mrego', 'src/main/resources/db.changelog-database.xml', '2022-11-09 02:30:35.500993+01', 21, 'EXECUTED', '3:19b23f729aa196a1abed154f225db676', 'Create Table', '', NULL, '2.0-rc7');
INSERT INTO public.databasechangelog (id, author, filename, dateexecuted, orderexecuted, exectype, md5sum, description, comments, tag, liquibase) VALUES ('initial-database-creation-22', 'mrego', 'src/main/resources/db.changelog-database.xml', '2022-11-09 02:30:35.500993+01', 22, 'EXECUTED', '3:947b787c1bbe91a331dd46cb1640f5e5', 'Create Table', '', NULL, '2.0-rc7');
INSERT INTO public.databasechangelog (id, author, filename, dateexecuted, orderexecuted, exectype, md5sum, description, comments, tag, liquibase) VALUES ('initial-database-creation-23', 'mrego', 'src/main/resources/db.changelog-database.xml', '2022-11-09 02:30:35.500993+01', 23, 'EXECUTED', '3:48f908ec702ae89b5da9f0eac7479005', 'Create Table', '', NULL, '2.0-rc7');
INSERT INTO public.databasechangelog (id, author, filename, dateexecuted, orderexecuted, exectype, md5sum, description, comments, tag, liquibase) VALUES ('initial-database-creation-24', 'mrego', 'src/main/resources/db.changelog-database.xml', '2022-11-09 02:30:35.500993+01', 24, 'EXECUTED', '3:84355bc36e649a2786237afa2239406b', 'Create Table', '', NULL, '2.0-rc7');
INSERT INTO public.databasechangelog (id, author, filename, dateexecuted, orderexecuted, exectype, md5sum, description, comments, tag, liquibase) VALUES ('initial-database-creation-25', 'mrego', 'src/main/resources/db.changelog-database.xml', '2022-11-09 02:30:35.500993+01', 25, 'EXECUTED', '3:b8724c07bf0377b89a789f4068225748', 'Create Table', '', NULL, '2.0-rc7');
INSERT INTO public.databasechangelog (id, author, filename, dateexecuted, orderexecuted, exectype, md5sum, description, comments, tag, liquibase) VALUES ('initial-database-creation-26', 'mrego', 'src/main/resources/db.changelog-database.xml', '2022-11-09 02:30:35.500993+01', 26, 'EXECUTED', '3:f9826236b01812c13b8773d5ab43eba3', 'Create Table', '', NULL, '2.0-rc7');
INSERT INTO public.databasechangelog (id, author, filename, dateexecuted, orderexecuted, exectype, md5sum, description, comments, tag, liquibase) VALUES ('initial-database-creation-27', 'mrego', 'src/main/resources/db.changelog-database.xml', '2022-11-09 02:30:35.500993+01', 27, 'EXECUTED', '3:c793cee4a905e7c283e5670c7a78ce75', 'Create Table', '', NULL, '2.0-rc7');
INSERT INTO public.databasechangelog (id, author, filename, dateexecuted, orderexecuted, exectype, md5sum, description, comments, tag, liquibase) VALUES ('initial-database-creation-28', 'mrego', 'src/main/resources/db.changelog-database.xml', '2022-11-09 02:30:35.500993+01', 28, 'EXECUTED', '3:10e53ad074ddb8a722b7327c489af2a4', 'Create Table', '', NULL, '2.0-rc7');
INSERT INTO public.databasechangelog (id, author, filename, dateexecuted, orderexecuted, exectype, md5sum, description, comments, tag, liquibase) VALUES ('initial-database-creation-29', 'mrego', 'src/main/resources/db.changelog-database.xml', '2022-11-09 02:30:35.500993+01', 29, 'EXECUTED', '3:ffd33e338772b05e1ec66bc5f536b857', 'Create Table', '', NULL, '2.0-rc7');
INSERT INTO public.databasechangelog (id, author, filename, dateexecuted, orderexecuted, exectype, md5sum, description, comments, tag, liquibase) VALUES ('initial-database-creation-30', 'mrego', 'src/main/resources/db.changelog-database.xml', '2022-11-09 02:30:35.500993+01', 30, 'EXECUTED', '3:de8601efc174c9011c267a989abc558d', 'Create Table', '', NULL, '2.0-rc7');
INSERT INTO public.databasechangelog (id, author, filename, dateexecuted, orderexecuted, exectype, md5sum, description, comments, tag, liquibase) VALUES ('initial-database-creation-31', 'mrego', 'src/main/resources/db.changelog-database.xml', '2022-11-09 02:30:35.500993+01', 31, 'EXECUTED', '3:fc5ec26502de974f7ab46118f4f53196', 'Create Table', '', NULL, '2.0-rc7');
INSERT INTO public.databasechangelog (id, author, filename, dateexecuted, orderexecuted, exectype, md5sum, description, comments, tag, liquibase) VALUES ('initial-database-creation-32', 'mrego', 'src/main/resources/db.changelog-database.xml', '2022-11-09 02:30:35.500993+01', 32, 'EXECUTED', '3:b3be37758841b13194d3710d6defef04', 'Create Table', '', NULL, '2.0-rc7');
INSERT INTO public.databasechangelog (id, author, filename, dateexecuted, orderexecuted, exectype, md5sum, description, comments, tag, liquibase) VALUES ('initial-database-creation-33', 'mrego', 'src/main/resources/db.changelog-database.xml', '2022-11-09 02:30:35.500993+01', 33, 'EXECUTED', '3:a951462763f5d55a3f7e10f12f81335f', 'Create Table', '', NULL, '2.0-rc7');
INSERT INTO public.databasechangelog (id, author, filename, dateexecuted, orderexecuted, exectype, md5sum, description, comments, tag, liquibase) VALUES ('initial-database-creation-34', 'mrego', 'src/main/resources/db.changelog-database.xml', '2022-11-09 02:30:35.500993+01', 34, 'EXECUTED', '3:a51224ce4bb0ca6d2b3f7bd992c65f0a', 'Create Table', '', NULL, '2.0-rc7');
INSERT INTO public.databasechangelog (id, author, filename, dateexecuted, orderexecuted, exectype, md5sum, description, comments, tag, liquibase) VALUES ('initial-database-creation-35', 'mrego', 'src/main/resources/db.changelog-database.xml', '2022-11-09 02:30:35.500993+01', 35, 'EXECUTED', '3:8afd863ae4753040b121f5858594660b', 'Create Table', '', NULL, '2.0-rc7');
INSERT INTO public.databasechangelog (id, author, filename, dateexecuted, orderexecuted, exectype, md5sum, description, comments, tag, liquibase) VALUES ('initial-database-creation-36', 'mrego', 'src/main/resources/db.changelog-database.xml', '2022-11-09 02:30:35.500993+01', 36, 'EXECUTED', '3:0754fc448f05289e922e36fe342d121d', 'Create Table', '', NULL, '2.0-rc7');
INSERT INTO public.databasechangelog (id, author, filename, dateexecuted, orderexecuted, exectype, md5sum, description, comments, tag, liquibase) VALUES ('initial-database-creation-37', 'mrego', 'src/main/resources/db.changelog-database.xml', '2022-11-09 02:30:35.500993+01', 37, 'EXECUTED', '3:5cfa72b6d860176124f25ff3a9d331fc', 'Create Table', '', NULL, '2.0-rc7');
INSERT INTO public.databasechangelog (id, author, filename, dateexecuted, orderexecuted, exectype, md5sum, description, comments, tag, liquibase) VALUES ('initial-database-creation-38', 'mrego', 'src/main/resources/db.changelog-database.xml', '2022-11-09 02:30:35.500993+01', 38, 'EXECUTED', '3:f831e87d1de1fc1338d42b8e833dc9c9', 'Create Table', '', NULL, '2.0-rc7');
INSERT INTO public.databasechangelog (id, author, filename, dateexecuted, orderexecuted, exectype, md5sum, description, comments, tag, liquibase) VALUES ('initial-database-creation-39', 'mrego', 'src/main/resources/db.changelog-database.xml', '2022-11-09 02:30:35.500993+01', 39, 'EXECUTED', '3:6bd033fff9beeafa67d07445dbaee07f', 'Create Table', '', NULL, '2.0-rc7');
INSERT INTO public.databasechangelog (id, author, filename, dateexecuted, orderexecuted, exectype, md5sum, description, comments, tag, liquibase) VALUES ('initial-database-creation-40', 'mrego', 'src/main/resources/db.changelog-database.xml', '2022-11-09 02:30:35.500993+01', 40, 'EXECUTED', '3:bdd3c4d65620a2a8f7b1a964a353f58f', 'Create Table', '', NULL, '2.0-rc7');
INSERT INTO public.databasechangelog (id, author, filename, dateexecuted, orderexecuted, exectype, md5sum, description, comments, tag, liquibase) VALUES ('initial-database-creation-41', 'mrego', 'src/main/resources/db.changelog-database.xml', '2022-11-09 02:30:35.500993+01', 41, 'EXECUTED', '3:096d3c30326f7805f4b0039355445d54', 'Create Table', '', NULL, '2.0-rc7');
INSERT INTO public.databasechangelog (id, author, filename, dateexecuted, orderexecuted, exectype, md5sum, description, comments, tag, liquibase) VALUES ('initial-database-creation-42', 'mrego', 'src/main/resources/db.changelog-database.xml', '2022-11-09 02:30:35.500993+01', 42, 'EXECUTED', '3:ded3fb067f8bc57e6638e6920fd44604', 'Create Table', '', NULL, '2.0-rc7');
INSERT INTO public.databasechangelog (id, author, filename, dateexecuted, orderexecuted, exectype, md5sum, description, comments, tag, liquibase) VALUES ('initial-database-creation-43', 'mrego', 'src/main/resources/db.changelog-database.xml', '2022-11-09 02:30:35.500993+01', 43, 'EXECUTED', '3:55f995d5648794d3432adc45e49630ac', 'Create Table', '', NULL, '2.0-rc7');
INSERT INTO public.databasechangelog (id, author, filename, dateexecuted, orderexecuted, exectype, md5sum, description, comments, tag, liquibase) VALUES ('initial-database-creation-44', 'mrego', 'src/main/resources/db.changelog-database.xml', '2022-11-09 02:30:35.500993+01', 44, 'EXECUTED', '3:36bec1cf129dbbe7479b6fd37ec4cfc8', 'Create Table', '', NULL, '2.0-rc7');
INSERT INTO public.databasechangelog (id, author, filename, dateexecuted, orderexecuted, exectype, md5sum, description, comments, tag, liquibase) VALUES ('initial-database-creation-45', 'mrego', 'src/main/resources/db.changelog-database.xml', '2022-11-09 02:30:35.500993+01', 45, 'EXECUTED', '3:14bba3e0f5ceb3f2fd6f8957e1838de4', 'Create Table', '', NULL, '2.0-rc7');
INSERT INTO public.databasechangelog (id, author, filename, dateexecuted, orderexecuted, exectype, md5sum, description, comments, tag, liquibase) VALUES ('initial-database-creation-46', 'mrego', 'src/main/resources/db.changelog-database.xml', '2022-11-09 02:30:35.500993+01', 46, 'EXECUTED', '3:20a4b538a58ecad5fefff00c68060415', 'Create Table', '', NULL, '2.0-rc7');
INSERT INTO public.databasechangelog (id, author, filename, dateexecuted, orderexecuted, exectype, md5sum, description, comments, tag, liquibase) VALUES ('initial-database-creation-47', 'mrego', 'src/main/resources/db.changelog-database.xml', '2022-11-09 02:30:35.500993+01', 47, 'EXECUTED', '3:20d9ca0a2dac404d34031a303d36332f', 'Create Table', '', NULL, '2.0-rc7');
INSERT INTO public.databasechangelog (id, author, filename, dateexecuted, orderexecuted, exectype, md5sum, description, comments, tag, liquibase) VALUES ('initial-database-creation-48', 'mrego', 'src/main/resources/db.changelog-database.xml', '2022-11-09 02:30:35.500993+01', 48, 'EXECUTED', '3:9422bfd2634488255bcbb32d73d4d9a6', 'Create Table', '', NULL, '2.0-rc7');
INSERT INTO public.databasechangelog (id, author, filename, dateexecuted, orderexecuted, exectype, md5sum, description, comments, tag, liquibase) VALUES ('initial-database-creation-49', 'mrego', 'src/main/resources/db.changelog-database.xml', '2022-11-09 02:30:35.500993+01', 49, 'EXECUTED', '3:bb378576fc9548e6e0bf30c553be56c2', 'Create Table', '', NULL, '2.0-rc7');
INSERT INTO public.databasechangelog (id, author, filename, dateexecuted, orderexecuted, exectype, md5sum, description, comments, tag, liquibase) VALUES ('initial-database-creation-50', 'mrego', 'src/main/resources/db.changelog-database.xml', '2022-11-09 02:30:35.500993+01', 50, 'EXECUTED', '3:86be514721a43f3a69e0fc5575f68bcf', 'Create Table', '', NULL, '2.0-rc7');
INSERT INTO public.databasechangelog (id, author, filename, dateexecuted, orderexecuted, exectype, md5sum, description, comments, tag, liquibase) VALUES ('initial-database-creation-51', 'mrego', 'src/main/resources/db.changelog-database.xml', '2022-11-09 02:30:35.500993+01', 51, 'EXECUTED', '3:6a7ac8677daeb7b232876fef8bc2eb13', 'Create Table', '', NULL, '2.0-rc7');
INSERT INTO public.databasechangelog (id, author, filename, dateexecuted, orderexecuted, exectype, md5sum, description, comments, tag, liquibase) VALUES ('initial-database-creation-52', 'mrego', 'src/main/resources/db.changelog-database.xml', '2022-11-09 02:30:35.500993+01', 52, 'EXECUTED', '3:132f159f7460a378fe40004d8844911c', 'Create Table', '', NULL, '2.0-rc7');
INSERT INTO public.databasechangelog (id, author, filename, dateexecuted, orderexecuted, exectype, md5sum, description, comments, tag, liquibase) VALUES ('initial-database-creation-53', 'mrego', 'src/main/resources/db.changelog-database.xml', '2022-11-09 02:30:35.500993+01', 53, 'EXECUTED', '3:e86194e70e6973332ef4538bdc5d7a1a', 'Create Table', '', NULL, '2.0-rc7');
INSERT INTO public.databasechangelog (id, author, filename, dateexecuted, orderexecuted, exectype, md5sum, description, comments, tag, liquibase) VALUES ('initial-database-creation-54', 'mrego', 'src/main/resources/db.changelog-database.xml', '2022-11-09 02:30:35.500993+01', 54, 'EXECUTED', '3:2524421c32a9b419da3fe430869fdb1d', 'Create Table', '', NULL, '2.0-rc7');
INSERT INTO public.databasechangelog (id, author, filename, dateexecuted, orderexecuted, exectype, md5sum, description, comments, tag, liquibase) VALUES ('initial-database-creation-55', 'mrego', 'src/main/resources/db.changelog-database.xml', '2022-11-09 02:30:35.500993+01', 55, 'EXECUTED', '3:f07c8df4ae4b20f431ed20c225b80172', 'Create Table', '', NULL, '2.0-rc7');
INSERT INTO public.databasechangelog (id, author, filename, dateexecuted, orderexecuted, exectype, md5sum, description, comments, tag, liquibase) VALUES ('initial-database-creation-56', 'mrego', 'src/main/resources/db.changelog-database.xml', '2022-11-09 02:30:35.500993+01', 56, 'EXECUTED', '3:d180f6978451999d3c71c31e22a05f12', 'Create Table', '', NULL, '2.0-rc7');
INSERT INTO public.databasechangelog (id, author, filename, dateexecuted, orderexecuted, exectype, md5sum, description, comments, tag, liquibase) VALUES ('initial-database-creation-57', 'mrego', 'src/main/resources/db.changelog-database.xml', '2022-11-09 02:30:35.500993+01', 57, 'EXECUTED', '3:96dee6dd4c6fe24bdf27aec7375f97a2', 'Create Table', '', NULL, '2.0-rc7');
INSERT INTO public.databasechangelog (id, author, filename, dateexecuted, orderexecuted, exectype, md5sum, description, comments, tag, liquibase) VALUES ('initial-database-creation-58', 'mrego', 'src/main/resources/db.changelog-database.xml', '2022-11-09 02:30:35.500993+01', 58, 'EXECUTED', '3:57a5a9423e13e7d46ab17b29ef36e3ac', 'Create Table', '', NULL, '2.0-rc7');
INSERT INTO public.databasechangelog (id, author, filename, dateexecuted, orderexecuted, exectype, md5sum, description, comments, tag, liquibase) VALUES ('initial-database-creation-59', 'mrego', 'src/main/resources/db.changelog-database.xml', '2022-11-09 02:30:35.500993+01', 59, 'EXECUTED', '3:481dae68046dee1729404fcb4b8f6724', 'Create Table', '', NULL, '2.0-rc7');
INSERT INTO public.databasechangelog (id, author, filename, dateexecuted, orderexecuted, exectype, md5sum, description, comments, tag, liquibase) VALUES ('initial-database-creation-60', 'mrego', 'src/main/resources/db.changelog-database.xml', '2022-11-09 02:30:35.500993+01', 60, 'EXECUTED', '3:3c79c9a14789f861812e28b85f42ba1a', 'Create Table', '', NULL, '2.0-rc7');
INSERT INTO public.databasechangelog (id, author, filename, dateexecuted, orderexecuted, exectype, md5sum, description, comments, tag, liquibase) VALUES ('initial-database-creation-61', 'mrego', 'src/main/resources/db.changelog-database.xml', '2022-11-09 02:30:35.500993+01', 61, 'EXECUTED', '3:b0647147970dcc6926527bcc26e08d0d', 'Create Table', '', NULL, '2.0-rc7');
INSERT INTO public.databasechangelog (id, author, filename, dateexecuted, orderexecuted, exectype, md5sum, description, comments, tag, liquibase) VALUES ('initial-database-creation-62', 'mrego', 'src/main/resources/db.changelog-database.xml', '2022-11-09 02:30:35.500993+01', 62, 'EXECUTED', '3:7a0cee9dc0952cca4c3e2a32508a4433', 'Create Table', '', NULL, '2.0-rc7');
INSERT INTO public.databasechangelog (id, author, filename, dateexecuted, orderexecuted, exectype, md5sum, description, comments, tag, liquibase) VALUES ('initial-database-creation-63', 'mrego', 'src/main/resources/db.changelog-database.xml', '2022-11-09 02:30:35.500993+01', 63, 'EXECUTED', '3:2b9225897f01e983677b51310e4fe0c6', 'Create Table', '', NULL, '2.0-rc7');
INSERT INTO public.databasechangelog (id, author, filename, dateexecuted, orderexecuted, exectype, md5sum, description, comments, tag, liquibase) VALUES ('initial-database-creation-64', 'mrego', 'src/main/resources/db.changelog-database.xml', '2022-11-09 02:30:35.500993+01', 64, 'EXECUTED', '3:8c6b353a40e4bbfe9ddec68b6e2ed109', 'Create Table', '', NULL, '2.0-rc7');
INSERT INTO public.databasechangelog (id, author, filename, dateexecuted, orderexecuted, exectype, md5sum, description, comments, tag, liquibase) VALUES ('initial-database-creation-65', 'mrego', 'src/main/resources/db.changelog-database.xml', '2022-11-09 02:30:35.500993+01', 65, 'EXECUTED', '3:181a3cfd4d56baa702ea56857d70c6a5', 'Create Table', '', NULL, '2.0-rc7');
INSERT INTO public.databasechangelog (id, author, filename, dateexecuted, orderexecuted, exectype, md5sum, description, comments, tag, liquibase) VALUES ('initial-database-creation-66', 'mrego', 'src/main/resources/db.changelog-database.xml', '2022-11-09 02:30:35.500993+01', 66, 'EXECUTED', '3:1ce12362bbe5c9289c1b1417b4534017', 'Create Table', '', NULL, '2.0-rc7');
INSERT INTO public.databasechangelog (id, author, filename, dateexecuted, orderexecuted, exectype, md5sum, description, comments, tag, liquibase) VALUES ('initial-database-creation-67', 'mrego', 'src/main/resources/db.changelog-database.xml', '2022-11-09 02:30:35.500993+01', 67, 'EXECUTED', '3:3db8192b7fc2c73f2d6f0b811b86193a', 'Create Table', '', NULL, '2.0-rc7');
INSERT INTO public.databasechangelog (id, author, filename, dateexecuted, orderexecuted, exectype, md5sum, description, comments, tag, liquibase) VALUES ('initial-database-creation-68', 'mrego', 'src/main/resources/db.changelog-database.xml', '2022-11-09 02:30:35.500993+01', 68, 'EXECUTED', '3:49669d8f9f006e24a66e6baef277ebaf', 'Create Table', '', NULL, '2.0-rc7');
INSERT INTO public.databasechangelog (id, author, filename, dateexecuted, orderexecuted, exectype, md5sum, description, comments, tag, liquibase) VALUES ('initial-database-creation-69', 'mrego', 'src/main/resources/db.changelog-database.xml', '2022-11-09 02:30:35.500993+01', 69, 'EXECUTED', '3:ec29eb383f779659440de1992b1b6bba', 'Create Table', '', NULL, '2.0-rc7');
INSERT INTO public.databasechangelog (id, author, filename, dateexecuted, orderexecuted, exectype, md5sum, description, comments, tag, liquibase) VALUES ('initial-database-creation-70', 'mrego', 'src/main/resources/db.changelog-database.xml', '2022-11-09 02:30:35.500993+01', 70, 'EXECUTED', '3:668c637d3c53b7592d3dc67fc4703cff', 'Create Table', '', NULL, '2.0-rc7');
INSERT INTO public.databasechangelog (id, author, filename, dateexecuted, orderexecuted, exectype, md5sum, description, comments, tag, liquibase) VALUES ('initial-database-creation-71', 'mrego', 'src/main/resources/db.changelog-database.xml', '2022-11-09 02:30:35.500993+01', 71, 'EXECUTED', '3:4f9d5316304450ab582b0858ce87c849', 'Create Table', '', NULL, '2.0-rc7');
INSERT INTO public.databasechangelog (id, author, filename, dateexecuted, orderexecuted, exectype, md5sum, description, comments, tag, liquibase) VALUES ('initial-database-creation-72', 'mrego', 'src/main/resources/db.changelog-database.xml', '2022-11-09 02:30:35.500993+01', 72, 'EXECUTED', '3:7a3e44f865f5a910f79c5f06e0b64f14', 'Create Table', '', NULL, '2.0-rc7');
INSERT INTO public.databasechangelog (id, author, filename, dateexecuted, orderexecuted, exectype, md5sum, description, comments, tag, liquibase) VALUES ('initial-database-creation-73', 'mrego', 'src/main/resources/db.changelog-database.xml', '2022-11-09 02:30:35.500993+01', 73, 'EXECUTED', '3:a635c19cae307c38b2763e3b9d58d224', 'Create Table', '', NULL, '2.0-rc7');
INSERT INTO public.databasechangelog (id, author, filename, dateexecuted, orderexecuted, exectype, md5sum, description, comments, tag, liquibase) VALUES ('initial-database-creation-74', 'mrego', 'src/main/resources/db.changelog-database.xml', '2022-11-09 02:30:35.500993+01', 74, 'EXECUTED', '3:95ac63bf89b9b48c007e8460e7e48cdb', 'Create Table', '', NULL, '2.0-rc7');
INSERT INTO public.databasechangelog (id, author, filename, dateexecuted, orderexecuted, exectype, md5sum, description, comments, tag, liquibase) VALUES ('initial-database-creation-75', 'mrego', 'src/main/resources/db.changelog-database.xml', '2022-11-09 02:30:35.500993+01', 75, 'EXECUTED', '3:28e6cc28eded2e909048c08ffacc1748', 'Create Table', '', NULL, '2.0-rc7');
INSERT INTO public.databasechangelog (id, author, filename, dateexecuted, orderexecuted, exectype, md5sum, description, comments, tag, liquibase) VALUES ('initial-database-creation-76', 'mrego', 'src/main/resources/db.changelog-database.xml', '2022-11-09 02:30:35.500993+01', 76, 'EXECUTED', '3:f32e144cefab5640c93a41de30b01609', 'Create Table', '', NULL, '2.0-rc7');
INSERT INTO public.databasechangelog (id, author, filename, dateexecuted, orderexecuted, exectype, md5sum, description, comments, tag, liquibase) VALUES ('initial-database-creation-77', 'mrego', 'src/main/resources/db.changelog-database.xml', '2022-11-09 02:30:35.500993+01', 77, 'EXECUTED', '3:5504fcfe56f3f27aedab1932b345ef67', 'Create Table', '', NULL, '2.0-rc7');
INSERT INTO public.databasechangelog (id, author, filename, dateexecuted, orderexecuted, exectype, md5sum, description, comments, tag, liquibase) VALUES ('initial-database-creation-78', 'mrego', 'src/main/resources/db.changelog-database.xml', '2022-11-09 02:30:35.500993+01', 78, 'EXECUTED', '3:bfb3ce3ba16ec8f8206c296f743868e5', 'Create Table', '', NULL, '2.0-rc7');
INSERT INTO public.databasechangelog (id, author, filename, dateexecuted, orderexecuted, exectype, md5sum, description, comments, tag, liquibase) VALUES ('initial-database-creation-79', 'mrego', 'src/main/resources/db.changelog-database.xml', '2022-11-09 02:30:35.500993+01', 79, 'EXECUTED', '3:7b7e2576df7e2b013c4609c905a1e89f', 'Create Table', '', NULL, '2.0-rc7');
INSERT INTO public.databasechangelog (id, author, filename, dateexecuted, orderexecuted, exectype, md5sum, description, comments, tag, liquibase) VALUES ('initial-database-creation-80', 'mrego', 'src/main/resources/db.changelog-database.xml', '2022-11-09 02:30:35.500993+01', 80, 'EXECUTED', '3:f095dee1e812c9f76e21c526566bd348', 'Create Table', '', NULL, '2.0-rc7');
INSERT INTO public.databasechangelog (id, author, filename, dateexecuted, orderexecuted, exectype, md5sum, description, comments, tag, liquibase) VALUES ('initial-database-creation-81', 'mrego', 'src/main/resources/db.changelog-database.xml', '2022-11-09 02:30:35.500993+01', 81, 'EXECUTED', '3:0e6f358e54f708c3e05debfeae8027f8', 'Create Table', '', NULL, '2.0-rc7');
INSERT INTO public.databasechangelog (id, author, filename, dateexecuted, orderexecuted, exectype, md5sum, description, comments, tag, liquibase) VALUES ('initial-database-creation-82', 'mrego', 'src/main/resources/db.changelog-database.xml', '2022-11-09 02:30:35.500993+01', 82, 'EXECUTED', '3:660f1dd76f869c29fde7efc6f7e1255e', 'Create Table', '', NULL, '2.0-rc7');
INSERT INTO public.databasechangelog (id, author, filename, dateexecuted, orderexecuted, exectype, md5sum, description, comments, tag, liquibase) VALUES ('initial-database-creation-83', 'mrego', 'src/main/resources/db.changelog-database.xml', '2022-11-09 02:30:35.500993+01', 83, 'EXECUTED', '3:43f98ac2e8ef569c2ace92091588dfc5', 'Create Table', '', NULL, '2.0-rc7');
INSERT INTO public.databasechangelog (id, author, filename, dateexecuted, orderexecuted, exectype, md5sum, description, comments, tag, liquibase) VALUES ('initial-database-creation-84', 'mrego', 'src/main/resources/db.changelog-database.xml', '2022-11-09 02:30:35.500993+01', 84, 'EXECUTED', '3:72aa9950802d4e8da713013ae72ea212', 'Create Table', '', NULL, '2.0-rc7');
INSERT INTO public.databasechangelog (id, author, filename, dateexecuted, orderexecuted, exectype, md5sum, description, comments, tag, liquibase) VALUES ('initial-database-creation-85', 'mrego', 'src/main/resources/db.changelog-database.xml', '2022-11-09 02:30:35.500993+01', 85, 'EXECUTED', '3:5f58cf1966364d46c430e933f520332c', 'Create Table', '', NULL, '2.0-rc7');
INSERT INTO public.databasechangelog (id, author, filename, dateexecuted, orderexecuted, exectype, md5sum, description, comments, tag, liquibase) VALUES ('initial-database-creation-86', 'mrego', 'src/main/resources/db.changelog-database.xml', '2022-11-09 02:30:35.500993+01', 86, 'EXECUTED', '3:930edd522020ea950b89ea3fcc60293f', 'Create Table', '', NULL, '2.0-rc7');
INSERT INTO public.databasechangelog (id, author, filename, dateexecuted, orderexecuted, exectype, md5sum, description, comments, tag, liquibase) VALUES ('initial-database-creation-87', 'mrego', 'src/main/resources/db.changelog-database.xml', '2022-11-09 02:30:35.500993+01', 87, 'EXECUTED', '3:eef1806c4faaa543eabf7aa919ee1871', 'Create Table', '', NULL, '2.0-rc7');
INSERT INTO public.databasechangelog (id, author, filename, dateexecuted, orderexecuted, exectype, md5sum, description, comments, tag, liquibase) VALUES ('initial-database-creation-88', 'mrego', 'src/main/resources/db.changelog-database.xml', '2022-11-09 02:30:35.500993+01', 88, 'EXECUTED', '3:ba5ed5b46b50e4e696f26943e4846b38', 'Create Table', '', NULL, '2.0-rc7');
INSERT INTO public.databasechangelog (id, author, filename, dateexecuted, orderexecuted, exectype, md5sum, description, comments, tag, liquibase) VALUES ('initial-database-creation-89', 'mrego', 'src/main/resources/db.changelog-database.xml', '2022-11-09 02:30:35.500993+01', 89, 'EXECUTED', '3:25d42a7f59acd170516f566f91db477b', 'Create Table', '', NULL, '2.0-rc7');
INSERT INTO public.databasechangelog (id, author, filename, dateexecuted, orderexecuted, exectype, md5sum, description, comments, tag, liquibase) VALUES ('initial-database-creation-90', 'mrego', 'src/main/resources/db.changelog-database.xml', '2022-11-09 02:30:35.500993+01', 90, 'EXECUTED', '3:0220e67c3c6e052be5b2683f3aff6cd9', 'Create Table', '', NULL, '2.0-rc7');
INSERT INTO public.databasechangelog (id, author, filename, dateexecuted, orderexecuted, exectype, md5sum, description, comments, tag, liquibase) VALUES ('initial-database-creation-91', 'mrego', 'src/main/resources/db.changelog-database.xml', '2022-11-09 02:30:35.500993+01', 91, 'EXECUTED', '3:dbeb7f14726427f4332caba3c3882781', 'Create Table', '', NULL, '2.0-rc7');
INSERT INTO public.databasechangelog (id, author, filename, dateexecuted, orderexecuted, exectype, md5sum, description, comments, tag, liquibase) VALUES ('initial-database-creation-92', 'mrego', 'src/main/resources/db.changelog-database.xml', '2022-11-09 02:30:35.500993+01', 92, 'EXECUTED', '3:a4f2631814df0304d6e1a9142e0174a1', 'Create Table', '', NULL, '2.0-rc7');
INSERT INTO public.databasechangelog (id, author, filename, dateexecuted, orderexecuted, exectype, md5sum, description, comments, tag, liquibase) VALUES ('initial-database-creation-93', 'mrego', 'src/main/resources/db.changelog-database.xml', '2022-11-09 02:30:35.500993+01', 93, 'EXECUTED', '3:665d61220b4af809bb0048a73af9529d', 'Create Table', '', NULL, '2.0-rc7');
INSERT INTO public.databasechangelog (id, author, filename, dateexecuted, orderexecuted, exectype, md5sum, description, comments, tag, liquibase) VALUES ('initial-database-creation-94', 'mrego', 'src/main/resources/db.changelog-database.xml', '2022-11-09 02:30:35.500993+01', 94, 'EXECUTED', '3:77fb476c14c92eda11701adb0a6d406f', 'Create Table', '', NULL, '2.0-rc7');
INSERT INTO public.databasechangelog (id, author, filename, dateexecuted, orderexecuted, exectype, md5sum, description, comments, tag, liquibase) VALUES ('initial-database-creation-95', 'mrego', 'src/main/resources/db.changelog-database.xml', '2022-11-09 02:30:35.500993+01', 95, 'EXECUTED', '3:2e07882701f4d10d2c5249aefdae87ee', 'Create Table', '', NULL, '2.0-rc7');
INSERT INTO public.databasechangelog (id, author, filename, dateexecuted, orderexecuted, exectype, md5sum, description, comments, tag, liquibase) VALUES ('initial-database-creation-96', 'mrego', 'src/main/resources/db.changelog-database.xml', '2022-11-09 02:30:35.500993+01', 96, 'EXECUTED', '3:12e1f91eae40df9eda60c20d6f9c8874', 'Create Table', '', NULL, '2.0-rc7');
INSERT INTO public.databasechangelog (id, author, filename, dateexecuted, orderexecuted, exectype, md5sum, description, comments, tag, liquibase) VALUES ('initial-database-creation-97', 'mrego', 'src/main/resources/db.changelog-database.xml', '2022-11-09 02:30:35.500993+01', 97, 'EXECUTED', '3:72db70644086a38aa90367c038a89350', 'Create Table', '', NULL, '2.0-rc7');
INSERT INTO public.databasechangelog (id, author, filename, dateexecuted, orderexecuted, exectype, md5sum, description, comments, tag, liquibase) VALUES ('initial-database-creation-98', 'mrego', 'src/main/resources/db.changelog-database.xml', '2022-11-09 02:30:35.500993+01', 98, 'EXECUTED', '3:1d6bac1b7849a0442a162078696893e3', 'Create Table', '', NULL, '2.0-rc7');
INSERT INTO public.databasechangelog (id, author, filename, dateexecuted, orderexecuted, exectype, md5sum, description, comments, tag, liquibase) VALUES ('initial-database-creation-99', 'mrego', 'src/main/resources/db.changelog-database.xml', '2022-11-09 02:30:35.500993+01', 99, 'EXECUTED', '3:7f6646bbd481090fa616c199b956b014', 'Create Table', '', NULL, '2.0-rc7');
INSERT INTO public.databasechangelog (id, author, filename, dateexecuted, orderexecuted, exectype, md5sum, description, comments, tag, liquibase) VALUES ('initial-database-creation-100', 'mrego', 'src/main/resources/db.changelog-database.xml', '2022-11-09 02:30:35.500993+01', 100, 'EXECUTED', '3:bbbcbaf05cf76c8236d9137a4a7a25ec', 'Create Table', '', NULL, '2.0-rc7');
INSERT INTO public.databasechangelog (id, author, filename, dateexecuted, orderexecuted, exectype, md5sum, description, comments, tag, liquibase) VALUES ('initial-database-creation-101', 'mrego', 'src/main/resources/db.changelog-database.xml', '2022-11-09 02:30:35.500993+01', 101, 'EXECUTED', '3:15f1e5f6e1f7c3308b084e536e88b9b8', 'Create Table', '', NULL, '2.0-rc7');
INSERT INTO public.databasechangelog (id, author, filename, dateexecuted, orderexecuted, exectype, md5sum, description, comments, tag, liquibase) VALUES ('initial-database-creation-102', 'mrego', 'src/main/resources/db.changelog-database.xml', '2022-11-09 02:30:35.500993+01', 102, 'EXECUTED', '3:69b1aeed86840d511ac06119ad1f3c2a', 'Create Table', '', NULL, '2.0-rc7');
INSERT INTO public.databasechangelog (id, author, filename, dateexecuted, orderexecuted, exectype, md5sum, description, comments, tag, liquibase) VALUES ('initial-database-creation-103', 'mrego', 'src/main/resources/db.changelog-database.xml', '2022-11-09 02:30:35.500993+01', 103, 'EXECUTED', '3:57d3f2fd8967dfd691fd95d30fb1c134', 'Create Table', '', NULL, '2.0-rc7');
INSERT INTO public.databasechangelog (id, author, filename, dateexecuted, orderexecuted, exectype, md5sum, description, comments, tag, liquibase) VALUES ('initial-database-creation-104', 'mrego', 'src/main/resources/db.changelog-database.xml', '2022-11-09 02:30:35.500993+01', 104, 'EXECUTED', '3:0e57f86b004bedba6c607c8d2c566164', 'Add Primary Key', '', NULL, '2.0-rc7');
INSERT INTO public.databasechangelog (id, author, filename, dateexecuted, orderexecuted, exectype, md5sum, description, comments, tag, liquibase) VALUES ('initial-database-creation-105', 'mrego', 'src/main/resources/db.changelog-database.xml', '2022-11-09 02:30:35.500993+01', 105, 'EXECUTED', '3:55a89da076a5b87ce5e49e1db3ed3fb9', 'Add Primary Key', '', NULL, '2.0-rc7');
INSERT INTO public.databasechangelog (id, author, filename, dateexecuted, orderexecuted, exectype, md5sum, description, comments, tag, liquibase) VALUES ('initial-database-creation-106', 'mrego', 'src/main/resources/db.changelog-database.xml', '2022-11-09 02:30:35.500993+01', 106, 'EXECUTED', '3:4db964219e3dde449c0a54d58d204a7b', 'Add Primary Key', '', NULL, '2.0-rc7');
INSERT INTO public.databasechangelog (id, author, filename, dateexecuted, orderexecuted, exectype, md5sum, description, comments, tag, liquibase) VALUES ('initial-database-creation-107', 'mrego', 'src/main/resources/db.changelog-database.xml', '2022-11-09 02:30:35.500993+01', 107, 'EXECUTED', '3:0d50d294d4db44aed32f8c909114645d', 'Add Primary Key', '', NULL, '2.0-rc7');
INSERT INTO public.databasechangelog (id, author, filename, dateexecuted, orderexecuted, exectype, md5sum, description, comments, tag, liquibase) VALUES ('initial-database-creation-108', 'mrego', 'src/main/resources/db.changelog-database.xml', '2022-11-09 02:30:35.500993+01', 108, 'EXECUTED', '3:9c39ac8c3d6ebc758e69da66cfc20283', 'Add Primary Key', '', NULL, '2.0-rc7');
INSERT INTO public.databasechangelog (id, author, filename, dateexecuted, orderexecuted, exectype, md5sum, description, comments, tag, liquibase) VALUES ('initial-database-creation-109', 'mrego', 'src/main/resources/db.changelog-database.xml', '2022-11-09 02:30:35.500993+01', 109, 'EXECUTED', '3:254739c105dc46829b4019e6cd4daa8e', 'Add Primary Key', '', NULL, '2.0-rc7');
INSERT INTO public.databasechangelog (id, author, filename, dateexecuted, orderexecuted, exectype, md5sum, description, comments, tag, liquibase) VALUES ('initial-database-creation-110', 'mrego', 'src/main/resources/db.changelog-database.xml', '2022-11-09 02:30:35.500993+01', 110, 'EXECUTED', '3:330cbde32db56aa70e52784794b743ff', 'Add Primary Key', '', NULL, '2.0-rc7');
INSERT INTO public.databasechangelog (id, author, filename, dateexecuted, orderexecuted, exectype, md5sum, description, comments, tag, liquibase) VALUES ('initial-database-creation-111', 'mrego', 'src/main/resources/db.changelog-database.xml', '2022-11-09 02:30:35.500993+01', 111, 'EXECUTED', '3:39d0f5be8bc00a3752b5f49dd92866de', 'Add Primary Key', '', NULL, '2.0-rc7');
INSERT INTO public.databasechangelog (id, author, filename, dateexecuted, orderexecuted, exectype, md5sum, description, comments, tag, liquibase) VALUES ('initial-database-creation-112', 'mrego', 'src/main/resources/db.changelog-database.xml', '2022-11-09 02:30:35.500993+01', 112, 'EXECUTED', '3:005cd1ac6366225c7124eb995c790329', 'Add Primary Key', '', NULL, '2.0-rc7');
INSERT INTO public.databasechangelog (id, author, filename, dateexecuted, orderexecuted, exectype, md5sum, description, comments, tag, liquibase) VALUES ('initial-database-creation-113', 'mrego', 'src/main/resources/db.changelog-database.xml', '2022-11-09 02:30:35.500993+01', 113, 'EXECUTED', '3:aa9ef6bec758b8fef0d7f58d652f23ed', 'Add Primary Key', '', NULL, '2.0-rc7');
INSERT INTO public.databasechangelog (id, author, filename, dateexecuted, orderexecuted, exectype, md5sum, description, comments, tag, liquibase) VALUES ('initial-database-creation-114', 'mrego', 'src/main/resources/db.changelog-database.xml', '2022-11-09 02:30:35.500993+01', 114, 'EXECUTED', '3:57037ae27d15fb149b2b18b70e3ac640', 'Add Primary Key', '', NULL, '2.0-rc7');
INSERT INTO public.databasechangelog (id, author, filename, dateexecuted, orderexecuted, exectype, md5sum, description, comments, tag, liquibase) VALUES ('initial-database-creation-115', 'mrego', 'src/main/resources/db.changelog-database.xml', '2022-11-09 02:30:35.500993+01', 115, 'EXECUTED', '3:9a325bc706e5f056e25b5029c144c5d8', 'Add Primary Key', '', NULL, '2.0-rc7');
INSERT INTO public.databasechangelog (id, author, filename, dateexecuted, orderexecuted, exectype, md5sum, description, comments, tag, liquibase) VALUES ('initial-database-creation-116', 'mrego', 'src/main/resources/db.changelog-database.xml', '2022-11-09 02:30:35.500993+01', 116, 'EXECUTED', '3:f5bef61b4276a1bf815b80abfbbdd0dd', 'Add Primary Key', '', NULL, '2.0-rc7');
INSERT INTO public.databasechangelog (id, author, filename, dateexecuted, orderexecuted, exectype, md5sum, description, comments, tag, liquibase) VALUES ('initial-database-creation-117', 'mrego', 'src/main/resources/db.changelog-database.xml', '2022-11-09 02:30:35.500993+01', 117, 'EXECUTED', '3:7eff22e0b4befe8f4c445f1c5a58a15e', 'Add Primary Key', '', NULL, '2.0-rc7');
INSERT INTO public.databasechangelog (id, author, filename, dateexecuted, orderexecuted, exectype, md5sum, description, comments, tag, liquibase) VALUES ('initial-database-creation-118', 'mrego', 'src/main/resources/db.changelog-database.xml', '2022-11-09 02:30:35.500993+01', 118, 'EXECUTED', '3:dadfa8f8caf1ae02cfc16ecbed0c8b90', 'Add Primary Key', '', NULL, '2.0-rc7');
INSERT INTO public.databasechangelog (id, author, filename, dateexecuted, orderexecuted, exectype, md5sum, description, comments, tag, liquibase) VALUES ('initial-database-creation-119', 'mrego', 'src/main/resources/db.changelog-database.xml', '2022-11-09 02:30:35.500993+01', 119, 'EXECUTED', '3:138d0588ac80f0a920e484db36f4e97d', 'Add Unique Constraint', '', NULL, '2.0-rc7');
INSERT INTO public.databasechangelog (id, author, filename, dateexecuted, orderexecuted, exectype, md5sum, description, comments, tag, liquibase) VALUES ('initial-database-creation-120', 'mrego', 'src/main/resources/db.changelog-database.xml', '2022-11-09 02:30:35.500993+01', 120, 'EXECUTED', '3:2a81f473aa411fe1bf94ff891f950f05', 'Add Unique Constraint', '', NULL, '2.0-rc7');
INSERT INTO public.databasechangelog (id, author, filename, dateexecuted, orderexecuted, exectype, md5sum, description, comments, tag, liquibase) VALUES ('initial-database-creation-121', 'mrego', 'src/main/resources/db.changelog-database.xml', '2022-11-09 02:30:35.500993+01', 121, 'EXECUTED', '3:465b67c4800169a5ad1a1fa4cf9937ce', 'Add Unique Constraint', '', NULL, '2.0-rc7');
INSERT INTO public.databasechangelog (id, author, filename, dateexecuted, orderexecuted, exectype, md5sum, description, comments, tag, liquibase) VALUES ('creation-deadline-communication', 'smontes', 'src/main/resources/db.changelog-1.2.xml', '2022-11-09 02:30:35.500993+01', 396, 'EXECUTED', '3:07ef049e78ecd250d56a88850bdd5250', 'Create Table', '', NULL, '2.0.5');
INSERT INTO public.databasechangelog (id, author, filename, dateexecuted, orderexecuted, exectype, md5sum, description, comments, tag, liquibase) VALUES ('initial-database-creation-122', 'mrego', 'src/main/resources/db.changelog-database.xml', '2022-11-09 02:30:35.500993+01', 122, 'EXECUTED', '3:d9da052c7f29fb3f76a2a4056af176bd', 'Add Unique Constraint', '', NULL, '2.0-rc7');
INSERT INTO public.databasechangelog (id, author, filename, dateexecuted, orderexecuted, exectype, md5sum, description, comments, tag, liquibase) VALUES ('initial-database-creation-123', 'mrego', 'src/main/resources/db.changelog-database.xml', '2022-11-09 02:30:35.500993+01', 123, 'EXECUTED', '3:7ebb4272b707b682e405cb30ebb3fccb', 'Add Unique Constraint', '', NULL, '2.0-rc7');
INSERT INTO public.databasechangelog (id, author, filename, dateexecuted, orderexecuted, exectype, md5sum, description, comments, tag, liquibase) VALUES ('initial-database-creation-124', 'mrego', 'src/main/resources/db.changelog-database.xml', '2022-11-09 02:30:35.500993+01', 124, 'EXECUTED', '3:360b5d5226fa5eb0d62b8531c2812a05', 'Add Unique Constraint', '', NULL, '2.0-rc7');
INSERT INTO public.databasechangelog (id, author, filename, dateexecuted, orderexecuted, exectype, md5sum, description, comments, tag, liquibase) VALUES ('initial-database-creation-125', 'mrego', 'src/main/resources/db.changelog-database.xml', '2022-11-09 02:30:35.500993+01', 125, 'EXECUTED', '3:963fdb094cb961a23659f3e19a1ddde3', 'Add Unique Constraint', '', NULL, '2.0-rc7');
INSERT INTO public.databasechangelog (id, author, filename, dateexecuted, orderexecuted, exectype, md5sum, description, comments, tag, liquibase) VALUES ('initial-database-creation-126', 'mrego', 'src/main/resources/db.changelog-database.xml', '2022-11-09 02:30:35.500993+01', 126, 'EXECUTED', '3:b20bb3c187e6488863f9d5481665fdac', 'Add Unique Constraint', '', NULL, '2.0-rc7');
INSERT INTO public.databasechangelog (id, author, filename, dateexecuted, orderexecuted, exectype, md5sum, description, comments, tag, liquibase) VALUES ('initial-database-creation-127', 'mrego', 'src/main/resources/db.changelog-database.xml', '2022-11-09 02:30:35.500993+01', 127, 'EXECUTED', '3:f3035f410a920573b57eb459d1bcd6b1', 'Add Unique Constraint', '', NULL, '2.0-rc7');
INSERT INTO public.databasechangelog (id, author, filename, dateexecuted, orderexecuted, exectype, md5sum, description, comments, tag, liquibase) VALUES ('initial-database-creation-128', 'mrego', 'src/main/resources/db.changelog-database.xml', '2022-11-09 02:30:35.500993+01', 128, 'EXECUTED', '3:ca1cdff9e1a997ff2c7b285e84221ab3', 'Add Unique Constraint', '', NULL, '2.0-rc7');
INSERT INTO public.databasechangelog (id, author, filename, dateexecuted, orderexecuted, exectype, md5sum, description, comments, tag, liquibase) VALUES ('initial-database-creation-129', 'mrego', 'src/main/resources/db.changelog-database.xml', '2022-11-09 02:30:35.500993+01', 129, 'EXECUTED', '3:b475e7347003735620c2366fe038ee40', 'Add Unique Constraint', '', NULL, '2.0-rc7');
INSERT INTO public.databasechangelog (id, author, filename, dateexecuted, orderexecuted, exectype, md5sum, description, comments, tag, liquibase) VALUES ('initial-database-creation-130', 'mrego', 'src/main/resources/db.changelog-database.xml', '2022-11-09 02:30:35.500993+01', 130, 'EXECUTED', '3:5523e28282da63951996a88d29635632', 'Add Unique Constraint', '', NULL, '2.0-rc7');
INSERT INTO public.databasechangelog (id, author, filename, dateexecuted, orderexecuted, exectype, md5sum, description, comments, tag, liquibase) VALUES ('initial-database-creation-131', 'mrego', 'src/main/resources/db.changelog-database.xml', '2022-11-09 02:30:35.500993+01', 131, 'EXECUTED', '3:484e71ddda004fcbb6f56b3a1df07c12', 'Add Unique Constraint', '', NULL, '2.0-rc7');
INSERT INTO public.databasechangelog (id, author, filename, dateexecuted, orderexecuted, exectype, md5sum, description, comments, tag, liquibase) VALUES ('initial-database-creation-132', 'mrego', 'src/main/resources/db.changelog-database.xml', '2022-11-09 02:30:35.500993+01', 132, 'EXECUTED', '3:750f465a29368e3c472c7717368e5315', 'Add Unique Constraint', '', NULL, '2.0-rc7');
INSERT INTO public.databasechangelog (id, author, filename, dateexecuted, orderexecuted, exectype, md5sum, description, comments, tag, liquibase) VALUES ('initial-database-creation-133', 'mrego', 'src/main/resources/db.changelog-database.xml', '2022-11-09 02:30:35.500993+01', 133, 'EXECUTED', '3:ed11a2642a9063cae1be4ee314990279', 'Add Unique Constraint', '', NULL, '2.0-rc7');
INSERT INTO public.databasechangelog (id, author, filename, dateexecuted, orderexecuted, exectype, md5sum, description, comments, tag, liquibase) VALUES ('initial-database-creation-134', 'mrego', 'src/main/resources/db.changelog-database.xml', '2022-11-09 02:30:35.500993+01', 134, 'EXECUTED', '3:632199e3f5e02d7b644fef85e7c7a148', 'Add Unique Constraint', '', NULL, '2.0-rc7');
INSERT INTO public.databasechangelog (id, author, filename, dateexecuted, orderexecuted, exectype, md5sum, description, comments, tag, liquibase) VALUES ('initial-database-creation-135', 'mrego', 'src/main/resources/db.changelog-database.xml', '2022-11-09 02:30:35.500993+01', 135, 'EXECUTED', '3:f6136a87270d6999c38c78c5a4507ba0', 'Add Unique Constraint', '', NULL, '2.0-rc7');
INSERT INTO public.databasechangelog (id, author, filename, dateexecuted, orderexecuted, exectype, md5sum, description, comments, tag, liquibase) VALUES ('initial-database-creation-136', 'mrego', 'src/main/resources/db.changelog-database.xml', '2022-11-09 02:30:35.500993+01', 136, 'EXECUTED', '3:3b8cdb7c8a87aded69e76f1127d93338', 'Add Unique Constraint', '', NULL, '2.0-rc7');
INSERT INTO public.databasechangelog (id, author, filename, dateexecuted, orderexecuted, exectype, md5sum, description, comments, tag, liquibase) VALUES ('initial-database-creation-137', 'mrego', 'src/main/resources/db.changelog-database.xml', '2022-11-09 02:30:35.500993+01', 137, 'EXECUTED', '3:f21de5aaf5812d3b53ff6ba37c500419', 'Add Unique Constraint', '', NULL, '2.0-rc7');
INSERT INTO public.databasechangelog (id, author, filename, dateexecuted, orderexecuted, exectype, md5sum, description, comments, tag, liquibase) VALUES ('initial-database-creation-138', 'mrego', 'src/main/resources/db.changelog-database.xml', '2022-11-09 02:30:35.500993+01', 138, 'EXECUTED', '3:212ee29342faa1bb2b4a50cfdfdf9a78', 'Add Unique Constraint', '', NULL, '2.0-rc7');
INSERT INTO public.databasechangelog (id, author, filename, dateexecuted, orderexecuted, exectype, md5sum, description, comments, tag, liquibase) VALUES ('initial-database-creation-139', 'mrego', 'src/main/resources/db.changelog-database.xml', '2022-11-09 02:30:35.500993+01', 139, 'EXECUTED', '3:c1cd1a61a496daaf1bc3e941f84aa781', 'Add Unique Constraint', '', NULL, '2.0-rc7');
INSERT INTO public.databasechangelog (id, author, filename, dateexecuted, orderexecuted, exectype, md5sum, description, comments, tag, liquibase) VALUES ('initial-database-creation-140', 'mrego', 'src/main/resources/db.changelog-database.xml', '2022-11-09 02:30:35.500993+01', 140, 'EXECUTED', '3:d5266cebc05f66e670752fd599970deb', 'Add Unique Constraint', '', NULL, '2.0-rc7');
INSERT INTO public.databasechangelog (id, author, filename, dateexecuted, orderexecuted, exectype, md5sum, description, comments, tag, liquibase) VALUES ('initial-database-creation-141', 'mrego', 'src/main/resources/db.changelog-database.xml', '2022-11-09 02:30:35.500993+01', 141, 'EXECUTED', '3:1846e834301cbacca345ad1d30c97783', 'Add Unique Constraint', '', NULL, '2.0-rc7');
INSERT INTO public.databasechangelog (id, author, filename, dateexecuted, orderexecuted, exectype, md5sum, description, comments, tag, liquibase) VALUES ('initial-database-creation-142', 'mrego', 'src/main/resources/db.changelog-database.xml', '2022-11-09 02:30:35.500993+01', 142, 'EXECUTED', '3:02dd707d2304800fa3353b76b4b14a79', 'Add Unique Constraint', '', NULL, '2.0-rc7');
INSERT INTO public.databasechangelog (id, author, filename, dateexecuted, orderexecuted, exectype, md5sum, description, comments, tag, liquibase) VALUES ('initial-database-creation-143', 'mrego', 'src/main/resources/db.changelog-database.xml', '2022-11-09 02:30:35.500993+01', 143, 'EXECUTED', '3:c7d786a54bd2744456d86331287eaf88', 'Add Unique Constraint', '', NULL, '2.0-rc7');
INSERT INTO public.databasechangelog (id, author, filename, dateexecuted, orderexecuted, exectype, md5sum, description, comments, tag, liquibase) VALUES ('initial-database-creation-144', 'mrego', 'src/main/resources/db.changelog-database.xml', '2022-11-09 02:30:35.500993+01', 144, 'EXECUTED', '3:d83e1d31be4d2a88a30cef280323dc14', 'Add Unique Constraint', '', NULL, '2.0-rc7');
INSERT INTO public.databasechangelog (id, author, filename, dateexecuted, orderexecuted, exectype, md5sum, description, comments, tag, liquibase) VALUES ('initial-database-creation-145', 'mrego', 'src/main/resources/db.changelog-database.xml', '2022-11-09 02:30:35.500993+01', 145, 'EXECUTED', '3:2c8d1d5abd94c1f1b77b812e5a218703', 'Add Unique Constraint', '', NULL, '2.0-rc7');
INSERT INTO public.databasechangelog (id, author, filename, dateexecuted, orderexecuted, exectype, md5sum, description, comments, tag, liquibase) VALUES ('initial-database-creation-146', 'mrego', 'src/main/resources/db.changelog-database.xml', '2022-11-09 02:30:35.500993+01', 146, 'EXECUTED', '3:98959c39111d467dbaef246b4e77c7d4', 'Add Unique Constraint', '', NULL, '2.0-rc7');
INSERT INTO public.databasechangelog (id, author, filename, dateexecuted, orderexecuted, exectype, md5sum, description, comments, tag, liquibase) VALUES ('initial-database-creation-147', 'mrego', 'src/main/resources/db.changelog-database.xml', '2022-11-09 02:30:35.500993+01', 147, 'EXECUTED', '3:2f5b3db90f5fe8d7166b8698732d89ee', 'Add Unique Constraint', '', NULL, '2.0-rc7');
INSERT INTO public.databasechangelog (id, author, filename, dateexecuted, orderexecuted, exectype, md5sum, description, comments, tag, liquibase) VALUES ('initial-database-creation-148', 'mrego', 'src/main/resources/db.changelog-database.xml', '2022-11-09 02:30:35.500993+01', 148, 'EXECUTED', '3:b6ab8ac7897d485ec2c01795fdbacba6', 'Add Unique Constraint', '', NULL, '2.0-rc7');
INSERT INTO public.databasechangelog (id, author, filename, dateexecuted, orderexecuted, exectype, md5sum, description, comments, tag, liquibase) VALUES ('initial-database-creation-149', 'mrego', 'src/main/resources/db.changelog-database.xml', '2022-11-09 02:30:35.500993+01', 149, 'EXECUTED', '3:4621bf17b5d622b52e70ee84a2720ce4', 'Add Unique Constraint', '', NULL, '2.0-rc7');
INSERT INTO public.databasechangelog (id, author, filename, dateexecuted, orderexecuted, exectype, md5sum, description, comments, tag, liquibase) VALUES ('initial-database-creation-150', 'mrego', 'src/main/resources/db.changelog-database.xml', '2022-11-09 02:30:35.500993+01', 150, 'EXECUTED', '3:d706f00de9bf475742860188e15d7b41', 'Add Unique Constraint', '', NULL, '2.0-rc7');
INSERT INTO public.databasechangelog (id, author, filename, dateexecuted, orderexecuted, exectype, md5sum, description, comments, tag, liquibase) VALUES ('initial-database-creation-151', 'mrego', 'src/main/resources/db.changelog-database.xml', '2022-11-09 02:30:35.500993+01', 151, 'EXECUTED', '3:003b820bd40132476357aae25ba7d50b', 'Add Unique Constraint', '', NULL, '2.0-rc7');
INSERT INTO public.databasechangelog (id, author, filename, dateexecuted, orderexecuted, exectype, md5sum, description, comments, tag, liquibase) VALUES ('initial-database-creation-152', 'mrego', 'src/main/resources/db.changelog-database.xml', '2022-11-09 02:30:35.500993+01', 152, 'EXECUTED', '3:cbe9e0b14bac88a7b895d8bc4c4777d7', 'Add Unique Constraint', '', NULL, '2.0-rc7');
INSERT INTO public.databasechangelog (id, author, filename, dateexecuted, orderexecuted, exectype, md5sum, description, comments, tag, liquibase) VALUES ('initial-database-creation-153', 'mrego', 'src/main/resources/db.changelog-database.xml', '2022-11-09 02:30:35.500993+01', 153, 'EXECUTED', '3:38dc59e34869bc2425c7c820ba45cb9b', 'Add Unique Constraint', '', NULL, '2.0-rc7');
INSERT INTO public.databasechangelog (id, author, filename, dateexecuted, orderexecuted, exectype, md5sum, description, comments, tag, liquibase) VALUES ('initial-database-creation-154', 'mrego', 'src/main/resources/db.changelog-database.xml', '2022-11-09 02:30:35.500993+01', 154, 'EXECUTED', '3:1822fb3caf8d43038c67a53fdb75e432', 'Add Unique Constraint', '', NULL, '2.0-rc7');
INSERT INTO public.databasechangelog (id, author, filename, dateexecuted, orderexecuted, exectype, md5sum, description, comments, tag, liquibase) VALUES ('initial-database-creation-155', 'mrego', 'src/main/resources/db.changelog-database.xml', '2022-11-09 02:30:35.500993+01', 155, 'EXECUTED', '3:8416952db331ffa2dd27dc4f5734036c', 'Add Unique Constraint', '', NULL, '2.0-rc7');
INSERT INTO public.databasechangelog (id, author, filename, dateexecuted, orderexecuted, exectype, md5sum, description, comments, tag, liquibase) VALUES ('initial-database-creation-156', 'mrego', 'src/main/resources/db.changelog-database.xml', '2022-11-09 02:30:35.500993+01', 156, 'EXECUTED', '3:4c2b2e5a5a4ee0175cab19c8b6ee084c', 'Add Unique Constraint', '', NULL, '2.0-rc7');
INSERT INTO public.databasechangelog (id, author, filename, dateexecuted, orderexecuted, exectype, md5sum, description, comments, tag, liquibase) VALUES ('initial-database-creation-157', 'mrego', 'src/main/resources/db.changelog-database.xml', '2022-11-09 02:30:35.500993+01', 157, 'EXECUTED', '3:c5bf072f2de5890c8b3e22c07577f5ad', 'Add Unique Constraint', '', NULL, '2.0-rc7');
INSERT INTO public.databasechangelog (id, author, filename, dateexecuted, orderexecuted, exectype, md5sum, description, comments, tag, liquibase) VALUES ('initial-database-creation-158', 'mrego', 'src/main/resources/db.changelog-database.xml', '2022-11-09 02:30:35.500993+01', 158, 'EXECUTED', '3:61b84144638971ed2b9f8a2a0fb1484f', 'Add Unique Constraint', '', NULL, '2.0-rc7');
INSERT INTO public.databasechangelog (id, author, filename, dateexecuted, orderexecuted, exectype, md5sum, description, comments, tag, liquibase) VALUES ('initial-database-creation-159', 'mrego', 'src/main/resources/db.changelog-database.xml', '2022-11-09 02:30:35.500993+01', 159, 'EXECUTED', '3:edef41963c0d8e8d51ad15aa7a757420', 'Add Unique Constraint', '', NULL, '2.0-rc7');
INSERT INTO public.databasechangelog (id, author, filename, dateexecuted, orderexecuted, exectype, md5sum, description, comments, tag, liquibase) VALUES ('initial-database-creation-160', 'mrego', 'src/main/resources/db.changelog-database.xml', '2022-11-09 02:30:35.500993+01', 160, 'EXECUTED', '3:6d94d16cf714dd8872660b484e632513', 'Add Unique Constraint', '', NULL, '2.0-rc7');
INSERT INTO public.databasechangelog (id, author, filename, dateexecuted, orderexecuted, exectype, md5sum, description, comments, tag, liquibase) VALUES ('initial-database-creation-161', 'mrego', 'src/main/resources/db.changelog-database.xml', '2022-11-09 02:30:35.500993+01', 161, 'EXECUTED', '3:c47020da3e40d9b6239153776affab17', 'Add Unique Constraint', '', NULL, '2.0-rc7');
INSERT INTO public.databasechangelog (id, author, filename, dateexecuted, orderexecuted, exectype, md5sum, description, comments, tag, liquibase) VALUES ('initial-database-creation-162', 'mrego', 'src/main/resources/db.changelog-database.xml', '2022-11-09 02:30:35.500993+01', 162, 'EXECUTED', '3:8c1de34a4070d7a104ef5595ff365355', 'Add Foreign Key Constraint', '', NULL, '2.0-rc7');
INSERT INTO public.databasechangelog (id, author, filename, dateexecuted, orderexecuted, exectype, md5sum, description, comments, tag, liquibase) VALUES ('initial-database-creation-163', 'mrego', 'src/main/resources/db.changelog-database.xml', '2022-11-09 02:30:35.500993+01', 163, 'EXECUTED', '3:00c8bf9c83805a10ad1abbfe6cabdba8', 'Add Foreign Key Constraint', '', NULL, '2.0-rc7');
INSERT INTO public.databasechangelog (id, author, filename, dateexecuted, orderexecuted, exectype, md5sum, description, comments, tag, liquibase) VALUES ('initial-database-creation-164', 'mrego', 'src/main/resources/db.changelog-database.xml', '2022-11-09 02:30:35.500993+01', 164, 'EXECUTED', '3:3fa310189e738082742a06c3751f2f3e', 'Add Foreign Key Constraint', '', NULL, '2.0-rc7');
INSERT INTO public.databasechangelog (id, author, filename, dateexecuted, orderexecuted, exectype, md5sum, description, comments, tag, liquibase) VALUES ('initial-database-creation-165', 'mrego', 'src/main/resources/db.changelog-database.xml', '2022-11-09 02:30:35.500993+01', 165, 'EXECUTED', '3:0ed5111ef301a24755a17b99ba609336', 'Add Foreign Key Constraint', '', NULL, '2.0-rc7');
INSERT INTO public.databasechangelog (id, author, filename, dateexecuted, orderexecuted, exectype, md5sum, description, comments, tag, liquibase) VALUES ('initial-database-creation-166', 'mrego', 'src/main/resources/db.changelog-database.xml', '2022-11-09 02:30:35.500993+01', 166, 'EXECUTED', '3:f781f197771175ae97a798ae4c732613', 'Add Foreign Key Constraint', '', NULL, '2.0-rc7');
INSERT INTO public.databasechangelog (id, author, filename, dateexecuted, orderexecuted, exectype, md5sum, description, comments, tag, liquibase) VALUES ('initial-database-creation-167', 'mrego', 'src/main/resources/db.changelog-database.xml', '2022-11-09 02:30:35.500993+01', 167, 'EXECUTED', '3:f82641b8c47ac3372c38bd410315f1d7', 'Add Foreign Key Constraint', '', NULL, '2.0-rc7');
INSERT INTO public.databasechangelog (id, author, filename, dateexecuted, orderexecuted, exectype, md5sum, description, comments, tag, liquibase) VALUES ('initial-database-creation-168', 'mrego', 'src/main/resources/db.changelog-database.xml', '2022-11-09 02:30:35.500993+01', 168, 'EXECUTED', '3:e819b9f5b305d94a874ffff77f1b0b00', 'Add Foreign Key Constraint', '', NULL, '2.0-rc7');
INSERT INTO public.databasechangelog (id, author, filename, dateexecuted, orderexecuted, exectype, md5sum, description, comments, tag, liquibase) VALUES ('initial-database-creation-169', 'mrego', 'src/main/resources/db.changelog-database.xml', '2022-11-09 02:30:35.500993+01', 169, 'EXECUTED', '3:e638fd6a15647613720dfab7af6c67af', 'Add Foreign Key Constraint', '', NULL, '2.0-rc7');
INSERT INTO public.databasechangelog (id, author, filename, dateexecuted, orderexecuted, exectype, md5sum, description, comments, tag, liquibase) VALUES ('initial-database-creation-170', 'mrego', 'src/main/resources/db.changelog-database.xml', '2022-11-09 02:30:35.500993+01', 170, 'EXECUTED', '3:5f2cae397111f9c4c4112a513b9e811f', 'Add Foreign Key Constraint', '', NULL, '2.0-rc7');
INSERT INTO public.databasechangelog (id, author, filename, dateexecuted, orderexecuted, exectype, md5sum, description, comments, tag, liquibase) VALUES ('initial-database-creation-171', 'mrego', 'src/main/resources/db.changelog-database.xml', '2022-11-09 02:30:35.500993+01', 171, 'EXECUTED', '3:0cd6d510389a9b5c7e7707baabf175d1', 'Add Foreign Key Constraint', '', NULL, '2.0-rc7');
INSERT INTO public.databasechangelog (id, author, filename, dateexecuted, orderexecuted, exectype, md5sum, description, comments, tag, liquibase) VALUES ('initial-database-creation-172', 'mrego', 'src/main/resources/db.changelog-database.xml', '2022-11-09 02:30:35.500993+01', 172, 'EXECUTED', '3:1e0dbe21557bd995cc4e10c17b06ad77', 'Add Foreign Key Constraint', '', NULL, '2.0-rc7');
INSERT INTO public.databasechangelog (id, author, filename, dateexecuted, orderexecuted, exectype, md5sum, description, comments, tag, liquibase) VALUES ('initial-database-creation-173', 'mrego', 'src/main/resources/db.changelog-database.xml', '2022-11-09 02:30:35.500993+01', 173, 'EXECUTED', '3:3c00120a79d285e58d49014dc3b3def2', 'Add Foreign Key Constraint', '', NULL, '2.0-rc7');
INSERT INTO public.databasechangelog (id, author, filename, dateexecuted, orderexecuted, exectype, md5sum, description, comments, tag, liquibase) VALUES ('initial-database-creation-174', 'mrego', 'src/main/resources/db.changelog-database.xml', '2022-11-09 02:30:35.500993+01', 174, 'EXECUTED', '3:a5d223789fb73e1b821bdd45c72478c8', 'Add Foreign Key Constraint', '', NULL, '2.0-rc7');
INSERT INTO public.databasechangelog (id, author, filename, dateexecuted, orderexecuted, exectype, md5sum, description, comments, tag, liquibase) VALUES ('initial-database-creation-175', 'mrego', 'src/main/resources/db.changelog-database.xml', '2022-11-09 02:30:35.500993+01', 175, 'EXECUTED', '3:b7e560667260a76220664084e75a699b', 'Add Foreign Key Constraint', '', NULL, '2.0-rc7');
INSERT INTO public.databasechangelog (id, author, filename, dateexecuted, orderexecuted, exectype, md5sum, description, comments, tag, liquibase) VALUES ('initial-database-creation-176', 'mrego', 'src/main/resources/db.changelog-database.xml', '2022-11-09 02:30:35.500993+01', 176, 'EXECUTED', '3:a04c06f20662d01674c2481258088719', 'Add Foreign Key Constraint', '', NULL, '2.0-rc7');
INSERT INTO public.databasechangelog (id, author, filename, dateexecuted, orderexecuted, exectype, md5sum, description, comments, tag, liquibase) VALUES ('initial-database-creation-177', 'mrego', 'src/main/resources/db.changelog-database.xml', '2022-11-09 02:30:35.500993+01', 177, 'EXECUTED', '3:eda6446777e754a9b28667808386fc07', 'Add Foreign Key Constraint', '', NULL, '2.0-rc7');
INSERT INTO public.databasechangelog (id, author, filename, dateexecuted, orderexecuted, exectype, md5sum, description, comments, tag, liquibase) VALUES ('initial-database-creation-178', 'mrego', 'src/main/resources/db.changelog-database.xml', '2022-11-09 02:30:35.500993+01', 178, 'EXECUTED', '3:cc43a952d1f4e90ae8ca08a86400b5b8', 'Add Foreign Key Constraint', '', NULL, '2.0-rc7');
INSERT INTO public.databasechangelog (id, author, filename, dateexecuted, orderexecuted, exectype, md5sum, description, comments, tag, liquibase) VALUES ('initial-database-creation-179', 'mrego', 'src/main/resources/db.changelog-database.xml', '2022-11-09 02:30:35.500993+01', 179, 'EXECUTED', '3:3b7feac7849308d546f9e32306a0337b', 'Add Foreign Key Constraint', '', NULL, '2.0-rc7');
INSERT INTO public.databasechangelog (id, author, filename, dateexecuted, orderexecuted, exectype, md5sum, description, comments, tag, liquibase) VALUES ('initial-database-creation-180', 'mrego', 'src/main/resources/db.changelog-database.xml', '2022-11-09 02:30:35.500993+01', 180, 'EXECUTED', '3:626dfbab1f6c43cbf5eda15af6c2d0b4', 'Add Foreign Key Constraint', '', NULL, '2.0-rc7');
INSERT INTO public.databasechangelog (id, author, filename, dateexecuted, orderexecuted, exectype, md5sum, description, comments, tag, liquibase) VALUES ('initial-database-creation-181', 'mrego', 'src/main/resources/db.changelog-database.xml', '2022-11-09 02:30:35.500993+01', 181, 'EXECUTED', '3:5d35e584fe5144871639463ab48448d9', 'Add Foreign Key Constraint', '', NULL, '2.0-rc7');
INSERT INTO public.databasechangelog (id, author, filename, dateexecuted, orderexecuted, exectype, md5sum, description, comments, tag, liquibase) VALUES ('initial-database-creation-182', 'mrego', 'src/main/resources/db.changelog-database.xml', '2022-11-09 02:30:35.500993+01', 182, 'EXECUTED', '3:54f532733816ed1173eb0a0978bc5d80', 'Add Foreign Key Constraint', '', NULL, '2.0-rc7');
INSERT INTO public.databasechangelog (id, author, filename, dateexecuted, orderexecuted, exectype, md5sum, description, comments, tag, liquibase) VALUES ('initial-database-creation-183', 'mrego', 'src/main/resources/db.changelog-database.xml', '2022-11-09 02:30:35.500993+01', 183, 'EXECUTED', '3:edf8db4cfb961a06787936314df7b94e', 'Add Foreign Key Constraint', '', NULL, '2.0-rc7');
INSERT INTO public.databasechangelog (id, author, filename, dateexecuted, orderexecuted, exectype, md5sum, description, comments, tag, liquibase) VALUES ('initial-database-creation-184', 'mrego', 'src/main/resources/db.changelog-database.xml', '2022-11-09 02:30:35.500993+01', 184, 'EXECUTED', '3:1e122af08a912e15ee5c66f91b6c5bfa', 'Add Foreign Key Constraint', '', NULL, '2.0-rc7');
INSERT INTO public.databasechangelog (id, author, filename, dateexecuted, orderexecuted, exectype, md5sum, description, comments, tag, liquibase) VALUES ('initial-database-creation-185', 'mrego', 'src/main/resources/db.changelog-database.xml', '2022-11-09 02:30:35.500993+01', 185, 'EXECUTED', '3:49c144bddd204a4b53a3fa24016b0be2', 'Add Foreign Key Constraint', '', NULL, '2.0-rc7');
INSERT INTO public.databasechangelog (id, author, filename, dateexecuted, orderexecuted, exectype, md5sum, description, comments, tag, liquibase) VALUES ('initial-database-creation-186', 'mrego', 'src/main/resources/db.changelog-database.xml', '2022-11-09 02:30:35.500993+01', 186, 'EXECUTED', '3:7f27b6d4f3c5e0b00fb64f7131248b36', 'Add Foreign Key Constraint', '', NULL, '2.0-rc7');
INSERT INTO public.databasechangelog (id, author, filename, dateexecuted, orderexecuted, exectype, md5sum, description, comments, tag, liquibase) VALUES ('initial-database-creation-187', 'mrego', 'src/main/resources/db.changelog-database.xml', '2022-11-09 02:30:35.500993+01', 187, 'EXECUTED', '3:9c92c633ec12d7a6df8b65c97ad0fa35', 'Add Foreign Key Constraint', '', NULL, '2.0-rc7');
INSERT INTO public.databasechangelog (id, author, filename, dateexecuted, orderexecuted, exectype, md5sum, description, comments, tag, liquibase) VALUES ('initial-database-creation-188', 'mrego', 'src/main/resources/db.changelog-database.xml', '2022-11-09 02:30:35.500993+01', 188, 'EXECUTED', '3:94a94a8ce91fc86d16d4fa653a0d1453', 'Add Foreign Key Constraint', '', NULL, '2.0-rc7');
INSERT INTO public.databasechangelog (id, author, filename, dateexecuted, orderexecuted, exectype, md5sum, description, comments, tag, liquibase) VALUES ('initial-database-creation-189', 'mrego', 'src/main/resources/db.changelog-database.xml', '2022-11-09 02:30:35.500993+01', 189, 'EXECUTED', '3:b338072cafac27857c87f450a2ad6c46', 'Add Foreign Key Constraint', '', NULL, '2.0-rc7');
INSERT INTO public.databasechangelog (id, author, filename, dateexecuted, orderexecuted, exectype, md5sum, description, comments, tag, liquibase) VALUES ('initial-database-creation-190', 'mrego', 'src/main/resources/db.changelog-database.xml', '2022-11-09 02:30:35.500993+01', 190, 'EXECUTED', '3:9d5bd211cfd49f3b9fc91441f5eb908f', 'Add Foreign Key Constraint', '', NULL, '2.0-rc7');
INSERT INTO public.databasechangelog (id, author, filename, dateexecuted, orderexecuted, exectype, md5sum, description, comments, tag, liquibase) VALUES ('initial-database-creation-191', 'mrego', 'src/main/resources/db.changelog-database.xml', '2022-11-09 02:30:35.500993+01', 191, 'EXECUTED', '3:bc7668fdd82c710bf043fa2f8a95dbeb', 'Add Foreign Key Constraint', '', NULL, '2.0-rc7');
INSERT INTO public.databasechangelog (id, author, filename, dateexecuted, orderexecuted, exectype, md5sum, description, comments, tag, liquibase) VALUES ('initial-database-creation-192', 'mrego', 'src/main/resources/db.changelog-database.xml', '2022-11-09 02:30:35.500993+01', 192, 'EXECUTED', '3:9a377a1c95da43a4a33381c22ed4e951', 'Add Foreign Key Constraint', '', NULL, '2.0-rc7');
INSERT INTO public.databasechangelog (id, author, filename, dateexecuted, orderexecuted, exectype, md5sum, description, comments, tag, liquibase) VALUES ('initial-database-creation-193', 'mrego', 'src/main/resources/db.changelog-database.xml', '2022-11-09 02:30:35.500993+01', 193, 'EXECUTED', '3:73a6387f780aa23e047099f18b15b50f', 'Add Foreign Key Constraint', '', NULL, '2.0-rc7');
INSERT INTO public.databasechangelog (id, author, filename, dateexecuted, orderexecuted, exectype, md5sum, description, comments, tag, liquibase) VALUES ('initial-database-creation-194', 'mrego', 'src/main/resources/db.changelog-database.xml', '2022-11-09 02:30:35.500993+01', 194, 'EXECUTED', '3:8b99d9b4b1544d9b15595cfcc5e5ec4f', 'Add Foreign Key Constraint', '', NULL, '2.0-rc7');
INSERT INTO public.databasechangelog (id, author, filename, dateexecuted, orderexecuted, exectype, md5sum, description, comments, tag, liquibase) VALUES ('initial-database-creation-195', 'mrego', 'src/main/resources/db.changelog-database.xml', '2022-11-09 02:30:35.500993+01', 195, 'EXECUTED', '3:c267aaa5cd192977a88171f504e04f29', 'Add Foreign Key Constraint', '', NULL, '2.0-rc7');
INSERT INTO public.databasechangelog (id, author, filename, dateexecuted, orderexecuted, exectype, md5sum, description, comments, tag, liquibase) VALUES ('initial-database-creation-196', 'mrego', 'src/main/resources/db.changelog-database.xml', '2022-11-09 02:30:35.500993+01', 196, 'EXECUTED', '3:8667c573c47e4d0fbcc32caa84df333a', 'Add Foreign Key Constraint', '', NULL, '2.0-rc7');
INSERT INTO public.databasechangelog (id, author, filename, dateexecuted, orderexecuted, exectype, md5sum, description, comments, tag, liquibase) VALUES ('initial-database-creation-197', 'mrego', 'src/main/resources/db.changelog-database.xml', '2022-11-09 02:30:35.500993+01', 197, 'EXECUTED', '3:f11c3d339e18a174df76d41cd195f9de', 'Add Foreign Key Constraint', '', NULL, '2.0-rc7');
INSERT INTO public.databasechangelog (id, author, filename, dateexecuted, orderexecuted, exectype, md5sum, description, comments, tag, liquibase) VALUES ('initial-database-creation-198', 'mrego', 'src/main/resources/db.changelog-database.xml', '2022-11-09 02:30:35.500993+01', 198, 'EXECUTED', '3:05a89763fa1de7b97f16102791cfefed', 'Add Foreign Key Constraint', '', NULL, '2.0-rc7');
INSERT INTO public.databasechangelog (id, author, filename, dateexecuted, orderexecuted, exectype, md5sum, description, comments, tag, liquibase) VALUES ('initial-database-creation-199', 'mrego', 'src/main/resources/db.changelog-database.xml', '2022-11-09 02:30:35.500993+01', 199, 'EXECUTED', '3:c14c67e4fab2a4378ba63d3da1fb628a', 'Add Foreign Key Constraint', '', NULL, '2.0-rc7');
INSERT INTO public.databasechangelog (id, author, filename, dateexecuted, orderexecuted, exectype, md5sum, description, comments, tag, liquibase) VALUES ('initial-database-creation-200', 'mrego', 'src/main/resources/db.changelog-database.xml', '2022-11-09 02:30:35.500993+01', 200, 'EXECUTED', '3:382f1905a4228bd3e9f0c040c970cde3', 'Add Foreign Key Constraint', '', NULL, '2.0-rc7');
INSERT INTO public.databasechangelog (id, author, filename, dateexecuted, orderexecuted, exectype, md5sum, description, comments, tag, liquibase) VALUES ('initial-database-creation-201', 'mrego', 'src/main/resources/db.changelog-database.xml', '2022-11-09 02:30:35.500993+01', 201, 'EXECUTED', '3:1bac4b4ae207d8838f091c32cb2df31e', 'Add Foreign Key Constraint', '', NULL, '2.0-rc7');
INSERT INTO public.databasechangelog (id, author, filename, dateexecuted, orderexecuted, exectype, md5sum, description, comments, tag, liquibase) VALUES ('initial-database-creation-202', 'mrego', 'src/main/resources/db.changelog-database.xml', '2022-11-09 02:30:35.500993+01', 202, 'EXECUTED', '3:40a79714aa74711e54e351fd7ae769a8', 'Add Foreign Key Constraint', '', NULL, '2.0-rc7');
INSERT INTO public.databasechangelog (id, author, filename, dateexecuted, orderexecuted, exectype, md5sum, description, comments, tag, liquibase) VALUES ('initial-database-creation-203', 'mrego', 'src/main/resources/db.changelog-database.xml', '2022-11-09 02:30:35.500993+01', 203, 'EXECUTED', '3:a1500cdb8370f8da80715f3150d2da41', 'Add Foreign Key Constraint', '', NULL, '2.0-rc7');
INSERT INTO public.databasechangelog (id, author, filename, dateexecuted, orderexecuted, exectype, md5sum, description, comments, tag, liquibase) VALUES ('initial-database-creation-204', 'mrego', 'src/main/resources/db.changelog-database.xml', '2022-11-09 02:30:35.500993+01', 204, 'EXECUTED', '3:7ed433c571a7829ad2eb6e5389433468', 'Add Foreign Key Constraint', '', NULL, '2.0-rc7');
INSERT INTO public.databasechangelog (id, author, filename, dateexecuted, orderexecuted, exectype, md5sum, description, comments, tag, liquibase) VALUES ('initial-database-creation-205', 'mrego', 'src/main/resources/db.changelog-database.xml', '2022-11-09 02:30:35.500993+01', 205, 'EXECUTED', '3:684a3d66bf7275618fdaf47f577dca5f', 'Add Foreign Key Constraint', '', NULL, '2.0-rc7');
INSERT INTO public.databasechangelog (id, author, filename, dateexecuted, orderexecuted, exectype, md5sum, description, comments, tag, liquibase) VALUES ('initial-database-creation-206', 'mrego', 'src/main/resources/db.changelog-database.xml', '2022-11-09 02:30:35.500993+01', 206, 'EXECUTED', '3:f90e8c7e57222696be65ba1a75afe0e1', 'Add Foreign Key Constraint', '', NULL, '2.0-rc7');
INSERT INTO public.databasechangelog (id, author, filename, dateexecuted, orderexecuted, exectype, md5sum, description, comments, tag, liquibase) VALUES ('initial-database-creation-207', 'mrego', 'src/main/resources/db.changelog-database.xml', '2022-11-09 02:30:35.500993+01', 207, 'EXECUTED', '3:d903424e7e44b1c1fb8c9d00bbaa5ff9', 'Add Foreign Key Constraint', '', NULL, '2.0-rc7');
INSERT INTO public.databasechangelog (id, author, filename, dateexecuted, orderexecuted, exectype, md5sum, description, comments, tag, liquibase) VALUES ('initial-database-creation-208', 'mrego', 'src/main/resources/db.changelog-database.xml', '2022-11-09 02:30:35.500993+01', 208, 'EXECUTED', '3:6f03b7841548675d0c674dfc8a58a76a', 'Add Foreign Key Constraint', '', NULL, '2.0-rc7');
INSERT INTO public.databasechangelog (id, author, filename, dateexecuted, orderexecuted, exectype, md5sum, description, comments, tag, liquibase) VALUES ('initial-database-creation-209', 'mrego', 'src/main/resources/db.changelog-database.xml', '2022-11-09 02:30:35.500993+01', 209, 'EXECUTED', '3:69684a0db21bbdbec2ffba0b151a73bd', 'Add Foreign Key Constraint', '', NULL, '2.0-rc7');
INSERT INTO public.databasechangelog (id, author, filename, dateexecuted, orderexecuted, exectype, md5sum, description, comments, tag, liquibase) VALUES ('initial-database-creation-210', 'mrego', 'src/main/resources/db.changelog-database.xml', '2022-11-09 02:30:35.500993+01', 210, 'EXECUTED', '3:70d4db37a0127109f4e99eede4265e9e', 'Add Foreign Key Constraint', '', NULL, '2.0-rc7');
INSERT INTO public.databasechangelog (id, author, filename, dateexecuted, orderexecuted, exectype, md5sum, description, comments, tag, liquibase) VALUES ('initial-database-creation-211', 'mrego', 'src/main/resources/db.changelog-database.xml', '2022-11-09 02:30:35.500993+01', 211, 'EXECUTED', '3:0dc5817e042530305a63787cd51c3d44', 'Add Foreign Key Constraint', '', NULL, '2.0-rc7');
INSERT INTO public.databasechangelog (id, author, filename, dateexecuted, orderexecuted, exectype, md5sum, description, comments, tag, liquibase) VALUES ('initial-database-creation-212', 'mrego', 'src/main/resources/db.changelog-database.xml', '2022-11-09 02:30:35.500993+01', 212, 'EXECUTED', '3:1b87cb4d62001fa3a6cd5df2bfee271f', 'Add Foreign Key Constraint', '', NULL, '2.0-rc7');
INSERT INTO public.databasechangelog (id, author, filename, dateexecuted, orderexecuted, exectype, md5sum, description, comments, tag, liquibase) VALUES ('initial-database-creation-213', 'mrego', 'src/main/resources/db.changelog-database.xml', '2022-11-09 02:30:35.500993+01', 213, 'EXECUTED', '3:43bb14279d4807f3bb02f8c800ac6ec6', 'Add Foreign Key Constraint', '', NULL, '2.0-rc7');
INSERT INTO public.databasechangelog (id, author, filename, dateexecuted, orderexecuted, exectype, md5sum, description, comments, tag, liquibase) VALUES ('initial-database-creation-214', 'mrego', 'src/main/resources/db.changelog-database.xml', '2022-11-09 02:30:35.500993+01', 214, 'EXECUTED', '3:2250070459940c11e7ff31a4192c9355', 'Add Foreign Key Constraint', '', NULL, '2.0-rc7');
INSERT INTO public.databasechangelog (id, author, filename, dateexecuted, orderexecuted, exectype, md5sum, description, comments, tag, liquibase) VALUES ('initial-database-creation-215', 'mrego', 'src/main/resources/db.changelog-database.xml', '2022-11-09 02:30:35.500993+01', 215, 'EXECUTED', '3:1abe6242372fb6a1b8b7d5ed11c40cf6', 'Add Foreign Key Constraint', '', NULL, '2.0-rc7');
INSERT INTO public.databasechangelog (id, author, filename, dateexecuted, orderexecuted, exectype, md5sum, description, comments, tag, liquibase) VALUES ('initial-database-creation-216', 'mrego', 'src/main/resources/db.changelog-database.xml', '2022-11-09 02:30:35.500993+01', 216, 'EXECUTED', '3:365ccb2007a7db5a42a8558640d149e9', 'Add Foreign Key Constraint', '', NULL, '2.0-rc7');
INSERT INTO public.databasechangelog (id, author, filename, dateexecuted, orderexecuted, exectype, md5sum, description, comments, tag, liquibase) VALUES ('initial-database-creation-217', 'mrego', 'src/main/resources/db.changelog-database.xml', '2022-11-09 02:30:35.500993+01', 217, 'EXECUTED', '3:ec8d6d84ea00f6c7ece30c6d1ada877d', 'Add Foreign Key Constraint', '', NULL, '2.0-rc7');
INSERT INTO public.databasechangelog (id, author, filename, dateexecuted, orderexecuted, exectype, md5sum, description, comments, tag, liquibase) VALUES ('initial-database-creation-218', 'mrego', 'src/main/resources/db.changelog-database.xml', '2022-11-09 02:30:35.500993+01', 218, 'EXECUTED', '3:00a5c1aff60bf17c4f63c781d3d8868f', 'Add Foreign Key Constraint', '', NULL, '2.0-rc7');
INSERT INTO public.databasechangelog (id, author, filename, dateexecuted, orderexecuted, exectype, md5sum, description, comments, tag, liquibase) VALUES ('initial-database-creation-219', 'mrego', 'src/main/resources/db.changelog-database.xml', '2022-11-09 02:30:35.500993+01', 219, 'EXECUTED', '3:80d78dda5a5d7a6e5b490c9b28841b16', 'Add Foreign Key Constraint', '', NULL, '2.0-rc7');
INSERT INTO public.databasechangelog (id, author, filename, dateexecuted, orderexecuted, exectype, md5sum, description, comments, tag, liquibase) VALUES ('initial-database-creation-220', 'mrego', 'src/main/resources/db.changelog-database.xml', '2022-11-09 02:30:35.500993+01', 220, 'EXECUTED', '3:3a8fd566182b2a101e0e843990cfa8df', 'Add Foreign Key Constraint', '', NULL, '2.0-rc7');
INSERT INTO public.databasechangelog (id, author, filename, dateexecuted, orderexecuted, exectype, md5sum, description, comments, tag, liquibase) VALUES ('initial-database-creation-221', 'mrego', 'src/main/resources/db.changelog-database.xml', '2022-11-09 02:30:35.500993+01', 221, 'EXECUTED', '3:229616a00b74e7128b9eeb41293cd91e', 'Add Foreign Key Constraint', '', NULL, '2.0-rc7');
INSERT INTO public.databasechangelog (id, author, filename, dateexecuted, orderexecuted, exectype, md5sum, description, comments, tag, liquibase) VALUES ('initial-database-creation-222', 'mrego', 'src/main/resources/db.changelog-database.xml', '2022-11-09 02:30:35.500993+01', 222, 'EXECUTED', '3:ed9f60b9f8d7881c11360f2a020bdf4b', 'Add Foreign Key Constraint', '', NULL, '2.0-rc7');
INSERT INTO public.databasechangelog (id, author, filename, dateexecuted, orderexecuted, exectype, md5sum, description, comments, tag, liquibase) VALUES ('initial-database-creation-223', 'mrego', 'src/main/resources/db.changelog-database.xml', '2022-11-09 02:30:35.500993+01', 223, 'EXECUTED', '3:fee2321152589ea84c5743175d4c180a', 'Add Foreign Key Constraint', '', NULL, '2.0-rc7');
INSERT INTO public.databasechangelog (id, author, filename, dateexecuted, orderexecuted, exectype, md5sum, description, comments, tag, liquibase) VALUES ('initial-database-creation-224', 'mrego', 'src/main/resources/db.changelog-database.xml', '2022-11-09 02:30:35.500993+01', 224, 'EXECUTED', '3:f6ef1f3ee7da7a147539b46f9c1cf60b', 'Add Foreign Key Constraint', '', NULL, '2.0-rc7');
INSERT INTO public.databasechangelog (id, author, filename, dateexecuted, orderexecuted, exectype, md5sum, description, comments, tag, liquibase) VALUES ('initial-database-creation-225', 'mrego', 'src/main/resources/db.changelog-database.xml', '2022-11-09 02:30:35.500993+01', 225, 'EXECUTED', '3:21557deb9ad7b4c25504862864502b1c', 'Add Foreign Key Constraint', '', NULL, '2.0-rc7');
INSERT INTO public.databasechangelog (id, author, filename, dateexecuted, orderexecuted, exectype, md5sum, description, comments, tag, liquibase) VALUES ('initial-database-creation-226', 'mrego', 'src/main/resources/db.changelog-database.xml', '2022-11-09 02:30:35.500993+01', 226, 'EXECUTED', '3:24adfcd3a41ae5648ffc2002dae0e4ef', 'Add Foreign Key Constraint', '', NULL, '2.0-rc7');
INSERT INTO public.databasechangelog (id, author, filename, dateexecuted, orderexecuted, exectype, md5sum, description, comments, tag, liquibase) VALUES ('initial-database-creation-227', 'mrego', 'src/main/resources/db.changelog-database.xml', '2022-11-09 02:30:35.500993+01', 227, 'EXECUTED', '3:bdd3cffbe9466ccbf6a1a791d61230fd', 'Add Foreign Key Constraint', '', NULL, '2.0-rc7');
INSERT INTO public.databasechangelog (id, author, filename, dateexecuted, orderexecuted, exectype, md5sum, description, comments, tag, liquibase) VALUES ('initial-database-creation-228', 'mrego', 'src/main/resources/db.changelog-database.xml', '2022-11-09 02:30:35.500993+01', 228, 'EXECUTED', '3:2182868d8f52e97c110e8901f8e2fc34', 'Add Foreign Key Constraint', '', NULL, '2.0-rc7');
INSERT INTO public.databasechangelog (id, author, filename, dateexecuted, orderexecuted, exectype, md5sum, description, comments, tag, liquibase) VALUES ('initial-database-creation-229', 'mrego', 'src/main/resources/db.changelog-database.xml', '2022-11-09 02:30:35.500993+01', 229, 'EXECUTED', '3:43b57b5e0d38ae69053bfcaf10d4ba8d', 'Add Foreign Key Constraint', '', NULL, '2.0-rc7');
INSERT INTO public.databasechangelog (id, author, filename, dateexecuted, orderexecuted, exectype, md5sum, description, comments, tag, liquibase) VALUES ('initial-database-creation-230', 'mrego', 'src/main/resources/db.changelog-database.xml', '2022-11-09 02:30:35.500993+01', 230, 'EXECUTED', '3:96d1199f9a6a19da0e6bac41293cf0ab', 'Add Foreign Key Constraint', '', NULL, '2.0-rc7');
INSERT INTO public.databasechangelog (id, author, filename, dateexecuted, orderexecuted, exectype, md5sum, description, comments, tag, liquibase) VALUES ('initial-database-creation-231', 'mrego', 'src/main/resources/db.changelog-database.xml', '2022-11-09 02:30:35.500993+01', 231, 'EXECUTED', '3:d493ad51ca6712c994efb741c1cd5cee', 'Add Foreign Key Constraint', '', NULL, '2.0-rc7');
INSERT INTO public.databasechangelog (id, author, filename, dateexecuted, orderexecuted, exectype, md5sum, description, comments, tag, liquibase) VALUES ('initial-database-creation-232', 'mrego', 'src/main/resources/db.changelog-database.xml', '2022-11-09 02:30:35.500993+01', 232, 'EXECUTED', '3:611e912194a15238fe4fd70e46ecd271', 'Add Foreign Key Constraint', '', NULL, '2.0-rc7');
INSERT INTO public.databasechangelog (id, author, filename, dateexecuted, orderexecuted, exectype, md5sum, description, comments, tag, liquibase) VALUES ('initial-database-creation-233', 'mrego', 'src/main/resources/db.changelog-database.xml', '2022-11-09 02:30:35.500993+01', 233, 'EXECUTED', '3:4823fd19347ba5a9c14b862fac025901', 'Add Foreign Key Constraint', '', NULL, '2.0-rc7');
INSERT INTO public.databasechangelog (id, author, filename, dateexecuted, orderexecuted, exectype, md5sum, description, comments, tag, liquibase) VALUES ('initial-database-creation-234', 'mrego', 'src/main/resources/db.changelog-database.xml', '2022-11-09 02:30:35.500993+01', 234, 'EXECUTED', '3:7aa2f827cf3710d979cd5c62770417bb', 'Add Foreign Key Constraint', '', NULL, '2.0-rc7');
INSERT INTO public.databasechangelog (id, author, filename, dateexecuted, orderexecuted, exectype, md5sum, description, comments, tag, liquibase) VALUES ('initial-database-creation-235', 'mrego', 'src/main/resources/db.changelog-database.xml', '2022-11-09 02:30:35.500993+01', 235, 'EXECUTED', '3:1d77a4d184e0f24891d62762883540af', 'Add Foreign Key Constraint', '', NULL, '2.0-rc7');
INSERT INTO public.databasechangelog (id, author, filename, dateexecuted, orderexecuted, exectype, md5sum, description, comments, tag, liquibase) VALUES ('initial-database-creation-236', 'mrego', 'src/main/resources/db.changelog-database.xml', '2022-11-09 02:30:35.500993+01', 236, 'EXECUTED', '3:354ab31aec28364faae025882682084a', 'Add Foreign Key Constraint', '', NULL, '2.0-rc7');
INSERT INTO public.databasechangelog (id, author, filename, dateexecuted, orderexecuted, exectype, md5sum, description, comments, tag, liquibase) VALUES ('initial-database-creation-237', 'mrego', 'src/main/resources/db.changelog-database.xml', '2022-11-09 02:30:35.500993+01', 237, 'EXECUTED', '3:fb6d4b2090d92c3a4d685cb13176ee98', 'Add Foreign Key Constraint', '', NULL, '2.0-rc7');
INSERT INTO public.databasechangelog (id, author, filename, dateexecuted, orderexecuted, exectype, md5sum, description, comments, tag, liquibase) VALUES ('initial-database-creation-238', 'mrego', 'src/main/resources/db.changelog-database.xml', '2022-11-09 02:30:35.500993+01', 238, 'EXECUTED', '3:e91f5bf74998ca513288ed138c0da97d', 'Add Foreign Key Constraint', '', NULL, '2.0-rc7');
INSERT INTO public.databasechangelog (id, author, filename, dateexecuted, orderexecuted, exectype, md5sum, description, comments, tag, liquibase) VALUES ('initial-database-creation-239', 'mrego', 'src/main/resources/db.changelog-database.xml', '2022-11-09 02:30:35.500993+01', 239, 'EXECUTED', '3:f07664fc56241ad077820f8da9bad209', 'Add Foreign Key Constraint', '', NULL, '2.0-rc7');
INSERT INTO public.databasechangelog (id, author, filename, dateexecuted, orderexecuted, exectype, md5sum, description, comments, tag, liquibase) VALUES ('initial-database-creation-240', 'mrego', 'src/main/resources/db.changelog-database.xml', '2022-11-09 02:30:35.500993+01', 240, 'EXECUTED', '3:3cf705e46d55107e249d5a69dbfbe650', 'Add Foreign Key Constraint', '', NULL, '2.0-rc7');
INSERT INTO public.databasechangelog (id, author, filename, dateexecuted, orderexecuted, exectype, md5sum, description, comments, tag, liquibase) VALUES ('initial-database-creation-241', 'mrego', 'src/main/resources/db.changelog-database.xml', '2022-11-09 02:30:35.500993+01', 241, 'EXECUTED', '3:3de02419d8b4096899d78e2cd84d7e0b', 'Add Foreign Key Constraint', '', NULL, '2.0-rc7');
INSERT INTO public.databasechangelog (id, author, filename, dateexecuted, orderexecuted, exectype, md5sum, description, comments, tag, liquibase) VALUES ('initial-database-creation-242', 'mrego', 'src/main/resources/db.changelog-database.xml', '2022-11-09 02:30:35.500993+01', 242, 'EXECUTED', '3:4b074cd6de5562d41ae3506d8d4b35f3', 'Add Foreign Key Constraint', '', NULL, '2.0-rc7');
INSERT INTO public.databasechangelog (id, author, filename, dateexecuted, orderexecuted, exectype, md5sum, description, comments, tag, liquibase) VALUES ('initial-database-creation-243', 'mrego', 'src/main/resources/db.changelog-database.xml', '2022-11-09 02:30:35.500993+01', 243, 'EXECUTED', '3:b577e13ab196e4c075b8be09841abb4a', 'Add Foreign Key Constraint', '', NULL, '2.0-rc7');
INSERT INTO public.databasechangelog (id, author, filename, dateexecuted, orderexecuted, exectype, md5sum, description, comments, tag, liquibase) VALUES ('initial-database-creation-244', 'mrego', 'src/main/resources/db.changelog-database.xml', '2022-11-09 02:30:35.500993+01', 244, 'EXECUTED', '3:9ad3d17bbbac8f995a1313d24c37c816', 'Add Foreign Key Constraint', '', NULL, '2.0-rc7');
INSERT INTO public.databasechangelog (id, author, filename, dateexecuted, orderexecuted, exectype, md5sum, description, comments, tag, liquibase) VALUES ('initial-database-creation-245', 'mrego', 'src/main/resources/db.changelog-database.xml', '2022-11-09 02:30:35.500993+01', 245, 'EXECUTED', '3:6ed5e004af84bf9f2cfe8858fd2a5693', 'Add Foreign Key Constraint', '', NULL, '2.0-rc7');
INSERT INTO public.databasechangelog (id, author, filename, dateexecuted, orderexecuted, exectype, md5sum, description, comments, tag, liquibase) VALUES ('initial-database-creation-246', 'mrego', 'src/main/resources/db.changelog-database.xml', '2022-11-09 02:30:35.500993+01', 246, 'EXECUTED', '3:72287bc729bb6699bb3bc2210d12dfd4', 'Add Foreign Key Constraint', '', NULL, '2.0-rc7');
INSERT INTO public.databasechangelog (id, author, filename, dateexecuted, orderexecuted, exectype, md5sum, description, comments, tag, liquibase) VALUES ('initial-database-creation-247', 'mrego', 'src/main/resources/db.changelog-database.xml', '2022-11-09 02:30:35.500993+01', 247, 'EXECUTED', '3:cb0dc7b3886d0b94d5052539bd683a16', 'Add Foreign Key Constraint', '', NULL, '2.0-rc7');
INSERT INTO public.databasechangelog (id, author, filename, dateexecuted, orderexecuted, exectype, md5sum, description, comments, tag, liquibase) VALUES ('initial-database-creation-248', 'mrego', 'src/main/resources/db.changelog-database.xml', '2022-11-09 02:30:35.500993+01', 248, 'EXECUTED', '3:359b88a585529cbf0d688ded52661d0d', 'Add Foreign Key Constraint', '', NULL, '2.0-rc7');
INSERT INTO public.databasechangelog (id, author, filename, dateexecuted, orderexecuted, exectype, md5sum, description, comments, tag, liquibase) VALUES ('initial-database-creation-249', 'mrego', 'src/main/resources/db.changelog-database.xml', '2022-11-09 02:30:35.500993+01', 249, 'EXECUTED', '3:bc3e3f311891541c94bafaa8250b3837', 'Add Foreign Key Constraint', '', NULL, '2.0-rc7');
INSERT INTO public.databasechangelog (id, author, filename, dateexecuted, orderexecuted, exectype, md5sum, description, comments, tag, liquibase) VALUES ('initial-database-creation-250', 'mrego', 'src/main/resources/db.changelog-database.xml', '2022-11-09 02:30:35.500993+01', 250, 'EXECUTED', '3:873b0ba69634f01ec622ca9b24d9e70a', 'Add Foreign Key Constraint', '', NULL, '2.0-rc7');
INSERT INTO public.databasechangelog (id, author, filename, dateexecuted, orderexecuted, exectype, md5sum, description, comments, tag, liquibase) VALUES ('initial-database-creation-251', 'mrego', 'src/main/resources/db.changelog-database.xml', '2022-11-09 02:30:35.500993+01', 251, 'EXECUTED', '3:c137a192ad74895a6049234b596fecb5', 'Add Foreign Key Constraint', '', NULL, '2.0-rc7');
INSERT INTO public.databasechangelog (id, author, filename, dateexecuted, orderexecuted, exectype, md5sum, description, comments, tag, liquibase) VALUES ('initial-database-creation-252', 'mrego', 'src/main/resources/db.changelog-database.xml', '2022-11-09 02:30:35.500993+01', 252, 'EXECUTED', '3:793cd0492af23c4c209def47673ca914', 'Add Foreign Key Constraint', '', NULL, '2.0-rc7');
INSERT INTO public.databasechangelog (id, author, filename, dateexecuted, orderexecuted, exectype, md5sum, description, comments, tag, liquibase) VALUES ('initial-database-creation-253', 'mrego', 'src/main/resources/db.changelog-database.xml', '2022-11-09 02:30:35.500993+01', 253, 'EXECUTED', '3:d76b0b4675c504576f872e68c5e9bda7', 'Add Foreign Key Constraint', '', NULL, '2.0-rc7');
INSERT INTO public.databasechangelog (id, author, filename, dateexecuted, orderexecuted, exectype, md5sum, description, comments, tag, liquibase) VALUES ('initial-database-creation-254', 'mrego', 'src/main/resources/db.changelog-database.xml', '2022-11-09 02:30:35.500993+01', 254, 'EXECUTED', '3:eee13cf5dc3e864e56c6a9b03079578e', 'Add Foreign Key Constraint', '', NULL, '2.0-rc7');
INSERT INTO public.databasechangelog (id, author, filename, dateexecuted, orderexecuted, exectype, md5sum, description, comments, tag, liquibase) VALUES ('initial-database-creation-255', 'mrego', 'src/main/resources/db.changelog-database.xml', '2022-11-09 02:30:35.500993+01', 255, 'EXECUTED', '3:f9088ee9f92067cab4b207d3aae3a37b', 'Add Foreign Key Constraint', '', NULL, '2.0-rc7');
INSERT INTO public.databasechangelog (id, author, filename, dateexecuted, orderexecuted, exectype, md5sum, description, comments, tag, liquibase) VALUES ('initial-database-creation-256', 'mrego', 'src/main/resources/db.changelog-database.xml', '2022-11-09 02:30:35.500993+01', 256, 'EXECUTED', '3:e2326617f1c9b860249a0c0777ec20f6', 'Add Foreign Key Constraint', '', NULL, '2.0-rc7');
INSERT INTO public.databasechangelog (id, author, filename, dateexecuted, orderexecuted, exectype, md5sum, description, comments, tag, liquibase) VALUES ('initial-database-creation-257', 'mrego', 'src/main/resources/db.changelog-database.xml', '2022-11-09 02:30:35.500993+01', 257, 'EXECUTED', '3:adf9400fc812eb6c8f7d32aa787742e6', 'Add Foreign Key Constraint', '', NULL, '2.0-rc7');
INSERT INTO public.databasechangelog (id, author, filename, dateexecuted, orderexecuted, exectype, md5sum, description, comments, tag, liquibase) VALUES ('initial-database-creation-258', 'mrego', 'src/main/resources/db.changelog-database.xml', '2022-11-09 02:30:35.500993+01', 258, 'EXECUTED', '3:60fc7ab467e364cd6a3d72d2f4f1d736', 'Add Foreign Key Constraint', '', NULL, '2.0-rc7');
INSERT INTO public.databasechangelog (id, author, filename, dateexecuted, orderexecuted, exectype, md5sum, description, comments, tag, liquibase) VALUES ('initial-database-creation-259', 'mrego', 'src/main/resources/db.changelog-database.xml', '2022-11-09 02:30:35.500993+01', 259, 'EXECUTED', '3:a6cacd22103e0447094d9a161d7b7445', 'Add Foreign Key Constraint', '', NULL, '2.0-rc7');
INSERT INTO public.databasechangelog (id, author, filename, dateexecuted, orderexecuted, exectype, md5sum, description, comments, tag, liquibase) VALUES ('initial-database-creation-260', 'mrego', 'src/main/resources/db.changelog-database.xml', '2022-11-09 02:30:35.500993+01', 260, 'EXECUTED', '3:76bf1eb3a6880473927e7a101d037bd8', 'Add Foreign Key Constraint', '', NULL, '2.0-rc7');
INSERT INTO public.databasechangelog (id, author, filename, dateexecuted, orderexecuted, exectype, md5sum, description, comments, tag, liquibase) VALUES ('initial-database-creation-261', 'mrego', 'src/main/resources/db.changelog-database.xml', '2022-11-09 02:30:35.500993+01', 261, 'EXECUTED', '3:5e2d94e8e56a7c57936a8bce78066b96', 'Add Foreign Key Constraint', '', NULL, '2.0-rc7');
INSERT INTO public.databasechangelog (id, author, filename, dateexecuted, orderexecuted, exectype, md5sum, description, comments, tag, liquibase) VALUES ('initial-database-creation-262', 'mrego', 'src/main/resources/db.changelog-database.xml', '2022-11-09 02:30:35.500993+01', 262, 'EXECUTED', '3:b6e995091bd0a2aed951e2fbf3f215a3', 'Add Foreign Key Constraint', '', NULL, '2.0-rc7');
INSERT INTO public.databasechangelog (id, author, filename, dateexecuted, orderexecuted, exectype, md5sum, description, comments, tag, liquibase) VALUES ('initial-database-creation-263', 'mrego', 'src/main/resources/db.changelog-database.xml', '2022-11-09 02:30:35.500993+01', 263, 'EXECUTED', '3:5a57fa35a8c7ca09756afcad21d8e86f', 'Add Foreign Key Constraint', '', NULL, '2.0-rc7');
INSERT INTO public.databasechangelog (id, author, filename, dateexecuted, orderexecuted, exectype, md5sum, description, comments, tag, liquibase) VALUES ('initial-database-creation-264', 'mrego', 'src/main/resources/db.changelog-database.xml', '2022-11-09 02:30:35.500993+01', 264, 'EXECUTED', '3:a7fc2f018277eaaa7649fb46b6b27ab6', 'Add Foreign Key Constraint', '', NULL, '2.0-rc7');
INSERT INTO public.databasechangelog (id, author, filename, dateexecuted, orderexecuted, exectype, md5sum, description, comments, tag, liquibase) VALUES ('initial-database-creation-265', 'mrego', 'src/main/resources/db.changelog-database.xml', '2022-11-09 02:30:35.500993+01', 265, 'EXECUTED', '3:528d191ec33204cee277f7312c49cc2c', 'Add Foreign Key Constraint', '', NULL, '2.0-rc7');
INSERT INTO public.databasechangelog (id, author, filename, dateexecuted, orderexecuted, exectype, md5sum, description, comments, tag, liquibase) VALUES ('initial-database-creation-266', 'mrego', 'src/main/resources/db.changelog-database.xml', '2022-11-09 02:30:35.500993+01', 266, 'EXECUTED', '3:deb083face872d4d49b666a9b8bdfaba', 'Add Foreign Key Constraint', '', NULL, '2.0-rc7');
INSERT INTO public.databasechangelog (id, author, filename, dateexecuted, orderexecuted, exectype, md5sum, description, comments, tag, liquibase) VALUES ('initial-database-creation-267', 'mrego', 'src/main/resources/db.changelog-database.xml', '2022-11-09 02:30:35.500993+01', 267, 'EXECUTED', '3:a7b87e7b2788c237ebeef3591092532e', 'Add Foreign Key Constraint', '', NULL, '2.0-rc7');
INSERT INTO public.databasechangelog (id, author, filename, dateexecuted, orderexecuted, exectype, md5sum, description, comments, tag, liquibase) VALUES ('initial-database-creation-268', 'mrego', 'src/main/resources/db.changelog-database.xml', '2022-11-09 02:30:35.500993+01', 268, 'EXECUTED', '3:8e9f116ff4830eb847589e5b4e62852e', 'Add Foreign Key Constraint', '', NULL, '2.0-rc7');
INSERT INTO public.databasechangelog (id, author, filename, dateexecuted, orderexecuted, exectype, md5sum, description, comments, tag, liquibase) VALUES ('initial-database-creation-269', 'mrego', 'src/main/resources/db.changelog-database.xml', '2022-11-09 02:30:35.500993+01', 269, 'EXECUTED', '3:595c174489187fc62b19670995c5cbff', 'Add Foreign Key Constraint', '', NULL, '2.0-rc7');
INSERT INTO public.databasechangelog (id, author, filename, dateexecuted, orderexecuted, exectype, md5sum, description, comments, tag, liquibase) VALUES ('initial-database-creation-270', 'mrego', 'src/main/resources/db.changelog-database.xml', '2022-11-09 02:30:35.500993+01', 270, 'EXECUTED', '3:d7a769415b86b93205327adc4b037e45', 'Add Foreign Key Constraint', '', NULL, '2.0-rc7');
INSERT INTO public.databasechangelog (id, author, filename, dateexecuted, orderexecuted, exectype, md5sum, description, comments, tag, liquibase) VALUES ('initial-database-creation-271', 'mrego', 'src/main/resources/db.changelog-database.xml', '2022-11-09 02:30:35.500993+01', 271, 'EXECUTED', '3:06906c810ec8b347c75867ab21f7dc4c', 'Add Foreign Key Constraint', '', NULL, '2.0-rc7');
INSERT INTO public.databasechangelog (id, author, filename, dateexecuted, orderexecuted, exectype, md5sum, description, comments, tag, liquibase) VALUES ('initial-database-creation-272', 'mrego', 'src/main/resources/db.changelog-database.xml', '2022-11-09 02:30:35.500993+01', 272, 'EXECUTED', '3:a28d48ed75ff265b6472e9749f95d1a5', 'Add Foreign Key Constraint', '', NULL, '2.0-rc7');
INSERT INTO public.databasechangelog (id, author, filename, dateexecuted, orderexecuted, exectype, md5sum, description, comments, tag, liquibase) VALUES ('initial-database-creation-273', 'mrego', 'src/main/resources/db.changelog-database.xml', '2022-11-09 02:30:35.500993+01', 273, 'EXECUTED', '3:5990b5955a764200dd54eb4dd3b0a7cf', 'Add Foreign Key Constraint', '', NULL, '2.0-rc7');
INSERT INTO public.databasechangelog (id, author, filename, dateexecuted, orderexecuted, exectype, md5sum, description, comments, tag, liquibase) VALUES ('initial-database-creation-274', 'mrego', 'src/main/resources/db.changelog-database.xml', '2022-11-09 02:30:35.500993+01', 274, 'EXECUTED', '3:5d4cc1738a27175979f1c973b1bd5ea9', 'Add Foreign Key Constraint', '', NULL, '2.0-rc7');
INSERT INTO public.databasechangelog (id, author, filename, dateexecuted, orderexecuted, exectype, md5sum, description, comments, tag, liquibase) VALUES ('initial-database-creation-275', 'mrego', 'src/main/resources/db.changelog-database.xml', '2022-11-09 02:30:35.500993+01', 275, 'EXECUTED', '3:d9130cc23b8afa27fd84f7c72d818efd', 'Add Foreign Key Constraint', '', NULL, '2.0-rc7');
INSERT INTO public.databasechangelog (id, author, filename, dateexecuted, orderexecuted, exectype, md5sum, description, comments, tag, liquibase) VALUES ('initial-database-creation-276', 'mrego', 'src/main/resources/db.changelog-database.xml', '2022-11-09 02:30:35.500993+01', 276, 'EXECUTED', '3:18feaa2b4b9cbce46ea7b7a0c710de9f', 'Add Foreign Key Constraint', '', NULL, '2.0-rc7');
INSERT INTO public.databasechangelog (id, author, filename, dateexecuted, orderexecuted, exectype, md5sum, description, comments, tag, liquibase) VALUES ('initial-database-creation-277', 'mrego', 'src/main/resources/db.changelog-database.xml', '2022-11-09 02:30:35.500993+01', 277, 'EXECUTED', '3:506fb6a53c157ce68105f451ad5958ff', 'Add Foreign Key Constraint', '', NULL, '2.0-rc7');
INSERT INTO public.databasechangelog (id, author, filename, dateexecuted, orderexecuted, exectype, md5sum, description, comments, tag, liquibase) VALUES ('initial-database-creation-278', 'mrego', 'src/main/resources/db.changelog-database.xml', '2022-11-09 02:30:35.500993+01', 278, 'EXECUTED', '3:b02c658ae947d20ac0ee1d207ebd210e', 'Add Foreign Key Constraint', '', NULL, '2.0-rc7');
INSERT INTO public.databasechangelog (id, author, filename, dateexecuted, orderexecuted, exectype, md5sum, description, comments, tag, liquibase) VALUES ('initial-database-creation-279', 'mrego', 'src/main/resources/db.changelog-database.xml', '2022-11-09 02:30:35.500993+01', 279, 'EXECUTED', '3:c346d8903750d250fabc343064880e6f', 'Add Foreign Key Constraint', '', NULL, '2.0-rc7');
INSERT INTO public.databasechangelog (id, author, filename, dateexecuted, orderexecuted, exectype, md5sum, description, comments, tag, liquibase) VALUES ('initial-database-creation-280', 'mrego', 'src/main/resources/db.changelog-database.xml', '2022-11-09 02:30:35.500993+01', 280, 'EXECUTED', '3:37fcf9ad58b891a096b9c95f4ea57b58', 'Add Foreign Key Constraint', '', NULL, '2.0-rc7');
INSERT INTO public.databasechangelog (id, author, filename, dateexecuted, orderexecuted, exectype, md5sum, description, comments, tag, liquibase) VALUES ('initial-database-creation-281', 'mrego', 'src/main/resources/db.changelog-database.xml', '2022-11-09 02:30:35.500993+01', 281, 'EXECUTED', '3:611486b58c51ad97deab489a17b23e2e', 'Add Foreign Key Constraint', '', NULL, '2.0-rc7');
INSERT INTO public.databasechangelog (id, author, filename, dateexecuted, orderexecuted, exectype, md5sum, description, comments, tag, liquibase) VALUES ('initial-database-creation-282', 'mrego', 'src/main/resources/db.changelog-database.xml', '2022-11-09 02:30:35.500993+01', 282, 'EXECUTED', '3:0efe8669ed086af6da655a53d4ced916', 'Add Foreign Key Constraint', '', NULL, '2.0-rc7');
INSERT INTO public.databasechangelog (id, author, filename, dateexecuted, orderexecuted, exectype, md5sum, description, comments, tag, liquibase) VALUES ('initial-database-creation-283', 'mrego', 'src/main/resources/db.changelog-database.xml', '2022-11-09 02:30:35.500993+01', 283, 'EXECUTED', '3:730ece3259ea1ee3ffa53563790465d8', 'Add Foreign Key Constraint', '', NULL, '2.0-rc7');
INSERT INTO public.databasechangelog (id, author, filename, dateexecuted, orderexecuted, exectype, md5sum, description, comments, tag, liquibase) VALUES ('initial-database-creation-284', 'mrego', 'src/main/resources/db.changelog-database.xml', '2022-11-09 02:30:35.500993+01', 284, 'EXECUTED', '3:5eb111d4b478c0c9a66a3a4a112c1c6b', 'Add Foreign Key Constraint', '', NULL, '2.0-rc7');
INSERT INTO public.databasechangelog (id, author, filename, dateexecuted, orderexecuted, exectype, md5sum, description, comments, tag, liquibase) VALUES ('initial-database-creation-285', 'mrego', 'src/main/resources/db.changelog-database.xml', '2022-11-09 02:30:35.500993+01', 285, 'EXECUTED', '3:b7d27d03ee27cc13c76c5262d518b876', 'Add Foreign Key Constraint', '', NULL, '2.0-rc7');
INSERT INTO public.databasechangelog (id, author, filename, dateexecuted, orderexecuted, exectype, md5sum, description, comments, tag, liquibase) VALUES ('initial-database-creation-286', 'mrego', 'src/main/resources/db.changelog-database.xml', '2022-11-09 02:30:35.500993+01', 286, 'EXECUTED', '3:3663d9ecd66964bffcc07bcfce7bdcdc', 'Add Foreign Key Constraint', '', NULL, '2.0-rc7');
INSERT INTO public.databasechangelog (id, author, filename, dateexecuted, orderexecuted, exectype, md5sum, description, comments, tag, liquibase) VALUES ('initial-database-creation-287', 'mrego', 'src/main/resources/db.changelog-database.xml', '2022-11-09 02:30:35.500993+01', 287, 'EXECUTED', '3:35e0a6356d11ed9dfe53c300b9e2ffee', 'Add Foreign Key Constraint', '', NULL, '2.0-rc7');
INSERT INTO public.databasechangelog (id, author, filename, dateexecuted, orderexecuted, exectype, md5sum, description, comments, tag, liquibase) VALUES ('initial-database-creation-288', 'mrego', 'src/main/resources/db.changelog-database.xml', '2022-11-09 02:30:35.500993+01', 288, 'EXECUTED', '3:4ae0336d6b9d807036d03ad041b67052', 'Add Foreign Key Constraint', '', NULL, '2.0-rc7');
INSERT INTO public.databasechangelog (id, author, filename, dateexecuted, orderexecuted, exectype, md5sum, description, comments, tag, liquibase) VALUES ('initial-database-creation-289', 'mrego', 'src/main/resources/db.changelog-database.xml', '2022-11-09 02:30:35.500993+01', 289, 'EXECUTED', '3:2da61d1b760209a704e29bfa4a22455e', 'Add Foreign Key Constraint', '', NULL, '2.0-rc7');
INSERT INTO public.databasechangelog (id, author, filename, dateexecuted, orderexecuted, exectype, md5sum, description, comments, tag, liquibase) VALUES ('initial-database-creation-290', 'mrego', 'src/main/resources/db.changelog-database.xml', '2022-11-09 02:30:35.500993+01', 290, 'EXECUTED', '3:2604fb5ddeccc31b1dccd4cd0bad4342', 'Add Foreign Key Constraint', '', NULL, '2.0-rc7');
INSERT INTO public.databasechangelog (id, author, filename, dateexecuted, orderexecuted, exectype, md5sum, description, comments, tag, liquibase) VALUES ('initial-database-creation-291', 'mrego', 'src/main/resources/db.changelog-database.xml', '2022-11-09 02:30:35.500993+01', 291, 'EXECUTED', '3:da9d240fdde86539e1580b84687e0189', 'Add Foreign Key Constraint', '', NULL, '2.0-rc7');
INSERT INTO public.databasechangelog (id, author, filename, dateexecuted, orderexecuted, exectype, md5sum, description, comments, tag, liquibase) VALUES ('initial-database-creation-292', 'mrego', 'src/main/resources/db.changelog-database.xml', '2022-11-09 02:30:35.500993+01', 292, 'EXECUTED', '3:0dc9aa5380e9a48fe9aaf306235988a4', 'Add Foreign Key Constraint', '', NULL, '2.0-rc7');
INSERT INTO public.databasechangelog (id, author, filename, dateexecuted, orderexecuted, exectype, md5sum, description, comments, tag, liquibase) VALUES ('initial-database-creation-293', 'mrego', 'src/main/resources/db.changelog-database.xml', '2022-11-09 02:30:35.500993+01', 293, 'EXECUTED', '3:58c6315352f7cefbddeb9b3a38d1e140', 'Add Foreign Key Constraint', '', NULL, '2.0-rc7');
INSERT INTO public.databasechangelog (id, author, filename, dateexecuted, orderexecuted, exectype, md5sum, description, comments, tag, liquibase) VALUES ('initial-database-creation-294', 'mrego', 'src/main/resources/db.changelog-database.xml', '2022-11-09 02:30:35.500993+01', 294, 'EXECUTED', '3:91398a7f542f90a13d1f857ca3937de1', 'Add Foreign Key Constraint', '', NULL, '2.0-rc7');
INSERT INTO public.databasechangelog (id, author, filename, dateexecuted, orderexecuted, exectype, md5sum, description, comments, tag, liquibase) VALUES ('initial-database-creation-295', 'mrego', 'src/main/resources/db.changelog-database.xml', '2022-11-09 02:30:35.500993+01', 295, 'EXECUTED', '3:5395eb857489412499e37c691ea36b8f', 'Add Foreign Key Constraint', '', NULL, '2.0-rc7');
INSERT INTO public.databasechangelog (id, author, filename, dateexecuted, orderexecuted, exectype, md5sum, description, comments, tag, liquibase) VALUES ('initial-database-creation-296', 'mrego', 'src/main/resources/db.changelog-database.xml', '2022-11-09 02:30:35.500993+01', 296, 'EXECUTED', '3:494a1128a80caad8d24c5f3574ef6edd', 'Add Foreign Key Constraint', '', NULL, '2.0-rc7');
INSERT INTO public.databasechangelog (id, author, filename, dateexecuted, orderexecuted, exectype, md5sum, description, comments, tag, liquibase) VALUES ('initial-database-creation-297', 'mrego', 'src/main/resources/db.changelog-database.xml', '2022-11-09 02:30:35.500993+01', 297, 'EXECUTED', '3:fa3b4dd73dd82e3a26c6563c9828fba3', 'Add Foreign Key Constraint', '', NULL, '2.0-rc7');
INSERT INTO public.databasechangelog (id, author, filename, dateexecuted, orderexecuted, exectype, md5sum, description, comments, tag, liquibase) VALUES ('initial-database-creation-298', 'mrego', 'src/main/resources/db.changelog-database.xml', '2022-11-09 02:30:35.500993+01', 298, 'EXECUTED', '3:e83453938c668f856d1df1537ec25d37', 'Add Foreign Key Constraint', '', NULL, '2.0-rc7');
INSERT INTO public.databasechangelog (id, author, filename, dateexecuted, orderexecuted, exectype, md5sum, description, comments, tag, liquibase) VALUES ('initial-database-creation-299', 'mrego', 'src/main/resources/db.changelog-database.xml', '2022-11-09 02:30:35.500993+01', 299, 'EXECUTED', '3:c5655c084990797f73bf295660881932', 'Add Foreign Key Constraint', '', NULL, '2.0-rc7');
INSERT INTO public.databasechangelog (id, author, filename, dateexecuted, orderexecuted, exectype, md5sum, description, comments, tag, liquibase) VALUES ('initial-database-creation-300', 'mrego', 'src/main/resources/db.changelog-database.xml', '2022-11-09 02:30:35.500993+01', 300, 'EXECUTED', '3:4747b6b28b49b810444aa6af7c133fab', 'Add Foreign Key Constraint', '', NULL, '2.0-rc7');
INSERT INTO public.databasechangelog (id, author, filename, dateexecuted, orderexecuted, exectype, md5sum, description, comments, tag, liquibase) VALUES ('initial-database-creation-301', 'mrego', 'src/main/resources/db.changelog-database.xml', '2022-11-09 02:30:35.500993+01', 301, 'EXECUTED', '3:f73d714400c8712c0715e2da673e9509', 'Add Foreign Key Constraint', '', NULL, '2.0-rc7');
INSERT INTO public.databasechangelog (id, author, filename, dateexecuted, orderexecuted, exectype, md5sum, description, comments, tag, liquibase) VALUES ('initial-database-creation-302', 'mrego', 'src/main/resources/db.changelog-database.xml', '2022-11-09 02:30:35.500993+01', 302, 'EXECUTED', '3:4d50b8c05ded66b150571543bcd91a37', 'Add Foreign Key Constraint', '', NULL, '2.0-rc7');
INSERT INTO public.databasechangelog (id, author, filename, dateexecuted, orderexecuted, exectype, md5sum, description, comments, tag, liquibase) VALUES ('initial-database-creation-303', 'mrego', 'src/main/resources/db.changelog-database.xml', '2022-11-09 02:30:35.500993+01', 303, 'EXECUTED', '3:7a5e18b1ed8e9813ca4920bd0856ecd0', 'Add Foreign Key Constraint', '', NULL, '2.0-rc7');
INSERT INTO public.databasechangelog (id, author, filename, dateexecuted, orderexecuted, exectype, md5sum, description, comments, tag, liquibase) VALUES ('initial-database-creation-304', 'mrego', 'src/main/resources/db.changelog-database.xml', '2022-11-09 02:30:35.500993+01', 304, 'EXECUTED', '3:e52f19afd5f5966cff359311b4c3acac', 'Add Foreign Key Constraint', '', NULL, '2.0-rc7');
INSERT INTO public.databasechangelog (id, author, filename, dateexecuted, orderexecuted, exectype, md5sum, description, comments, tag, liquibase) VALUES ('initial-database-creation-305', 'mrego', 'src/main/resources/db.changelog-database.xml', '2022-11-09 02:30:35.500993+01', 305, 'EXECUTED', '3:8548d763866edc7944ec1b0facb1560f', 'Add Foreign Key Constraint', '', NULL, '2.0-rc7');
INSERT INTO public.databasechangelog (id, author, filename, dateexecuted, orderexecuted, exectype, md5sum, description, comments, tag, liquibase) VALUES ('initial-database-creation-306', 'mrego', 'src/main/resources/db.changelog-database.xml', '2022-11-09 02:30:35.500993+01', 306, 'EXECUTED', '3:fc14a87fde20c7151888cea5c48c6f39', 'Add Foreign Key Constraint', '', NULL, '2.0-rc7');
INSERT INTO public.databasechangelog (id, author, filename, dateexecuted, orderexecuted, exectype, md5sum, description, comments, tag, liquibase) VALUES ('initial-database-creation-307', 'mrego', 'src/main/resources/db.changelog-database.xml', '2022-11-09 02:30:35.500993+01', 307, 'EXECUTED', '3:23a513bb939d6d2751a1550188c32222', 'Add Foreign Key Constraint', '', NULL, '2.0-rc7');
INSERT INTO public.databasechangelog (id, author, filename, dateexecuted, orderexecuted, exectype, md5sum, description, comments, tag, liquibase) VALUES ('initial-database-creation-308', 'mrego', 'src/main/resources/db.changelog-database.xml', '2022-11-09 02:30:35.500993+01', 308, 'EXECUTED', '3:4144c0d934e5fd823f19ef91da210ffa', 'Add Foreign Key Constraint', '', NULL, '2.0-rc7');
INSERT INTO public.databasechangelog (id, author, filename, dateexecuted, orderexecuted, exectype, md5sum, description, comments, tag, liquibase) VALUES ('initial-database-creation-309', 'mrego', 'src/main/resources/db.changelog-database.xml', '2022-11-09 02:30:35.500993+01', 309, 'EXECUTED', '3:c0d764328d333e644989448a4cd480bb', 'Add Foreign Key Constraint', '', NULL, '2.0-rc7');
INSERT INTO public.databasechangelog (id, author, filename, dateexecuted, orderexecuted, exectype, md5sum, description, comments, tag, liquibase) VALUES ('initial-database-creation-310', 'mrego', 'src/main/resources/db.changelog-database.xml', '2022-11-09 02:30:35.500993+01', 310, 'EXECUTED', '3:461ea2548e20f99478f3203dbf33bc16', 'Add Foreign Key Constraint', '', NULL, '2.0-rc7');
INSERT INTO public.databasechangelog (id, author, filename, dateexecuted, orderexecuted, exectype, md5sum, description, comments, tag, liquibase) VALUES ('initial-database-creation-311', 'mrego', 'src/main/resources/db.changelog-database.xml', '2022-11-09 02:30:35.500993+01', 311, 'EXECUTED', '3:3eeefe2f703d57218dde9b05fcdbc5cf', 'Add Foreign Key Constraint', '', NULL, '2.0-rc7');
INSERT INTO public.databasechangelog (id, author, filename, dateexecuted, orderexecuted, exectype, md5sum, description, comments, tag, liquibase) VALUES ('initial-database-creation-312', 'mrego', 'src/main/resources/db.changelog-database.xml', '2022-11-09 02:30:35.500993+01', 312, 'EXECUTED', '3:564cd8aac65a0319c9c3c75a486ace41', 'Add Foreign Key Constraint', '', NULL, '2.0-rc7');
INSERT INTO public.databasechangelog (id, author, filename, dateexecuted, orderexecuted, exectype, md5sum, description, comments, tag, liquibase) VALUES ('initial-database-creation-313', 'mrego', 'src/main/resources/db.changelog-database.xml', '2022-11-09 02:30:35.500993+01', 313, 'EXECUTED', '3:48d80e1c9868d51d687680b42fe47f3d', 'Add Foreign Key Constraint', '', NULL, '2.0-rc7');
INSERT INTO public.databasechangelog (id, author, filename, dateexecuted, orderexecuted, exectype, md5sum, description, comments, tag, liquibase) VALUES ('initial-database-creation-314', 'mrego', 'src/main/resources/db.changelog-database.xml', '2022-11-09 02:30:35.500993+01', 314, 'EXECUTED', '3:6c6213c38e211d11aa77f0766a18e1fe', 'Add Foreign Key Constraint', '', NULL, '2.0-rc7');
INSERT INTO public.databasechangelog (id, author, filename, dateexecuted, orderexecuted, exectype, md5sum, description, comments, tag, liquibase) VALUES ('initial-database-creation-315', 'mrego', 'src/main/resources/db.changelog-database.xml', '2022-11-09 02:30:35.500993+01', 315, 'EXECUTED', '3:f522ccbad33e6a463b265e241c4ae0db', 'Add Foreign Key Constraint', '', NULL, '2.0-rc7');
INSERT INTO public.databasechangelog (id, author, filename, dateexecuted, orderexecuted, exectype, md5sum, description, comments, tag, liquibase) VALUES ('initial-database-creation-316', 'mrego', 'src/main/resources/db.changelog-database.xml', '2022-11-09 02:30:35.500993+01', 316, 'EXECUTED', '3:e5777dd44529b270c7514bc322d72105', 'Add Foreign Key Constraint', '', NULL, '2.0-rc7');
INSERT INTO public.databasechangelog (id, author, filename, dateexecuted, orderexecuted, exectype, md5sum, description, comments, tag, liquibase) VALUES ('initial-database-creation-317', 'mrego', 'src/main/resources/db.changelog-database.xml', '2022-11-09 02:30:35.500993+01', 317, 'EXECUTED', '3:5a1c1fb8b9f6cce7fbaa03b255b5a033', 'Add Foreign Key Constraint', '', NULL, '2.0-rc7');
INSERT INTO public.databasechangelog (id, author, filename, dateexecuted, orderexecuted, exectype, md5sum, description, comments, tag, liquibase) VALUES ('initial-database-creation-318', 'mrego', 'src/main/resources/db.changelog-database.xml', '2022-11-09 02:30:35.500993+01', 318, 'EXECUTED', '3:ad070f00871b05e431528e34c3f09cde', 'Add Foreign Key Constraint', '', NULL, '2.0-rc7');
INSERT INTO public.databasechangelog (id, author, filename, dateexecuted, orderexecuted, exectype, md5sum, description, comments, tag, liquibase) VALUES ('initial-database-creation-319', 'mrego', 'src/main/resources/db.changelog-database.xml', '2022-11-09 02:30:35.500993+01', 319, 'EXECUTED', '3:1dde4f2407d314306ae29ad174d98de3', 'Create Table', '', NULL, '2.0-rc7');
INSERT INTO public.databasechangelog (id, author, filename, dateexecuted, orderexecuted, exectype, md5sum, description, comments, tag, liquibase) VALUES ('initial-database-creation-320', 'mrego', 'src/main/resources/db.changelog-database.xml', '2022-11-09 02:30:35.500993+01', 320, 'EXECUTED', '3:5a5608b194d0ec72e2b8f53675ff8de0', 'Insert Row', '', NULL, '2.0-rc7');
INSERT INTO public.databasechangelog (id, author, filename, dateexecuted, orderexecuted, exectype, md5sum, description, comments, tag, liquibase) VALUES ('resize-precision-in-planning_data', 'dpino', 'src/main/resources/db.changelog-initial.xml', '2022-11-09 02:30:35.500993+01', 321, 'EXECUTED', '3:3ee94e7e64b7ed2592dfb71db6923a1c', 'Modify data type (x2)', 'Resize precision for ''progress_by_duration'' and ''progress_by_num_hours'' fields', NULL, '2.0-rc7');
INSERT INTO public.databasechangelog (id, author, filename, dateexecuted, orderexecuted, exectype, md5sum, description, comments, tag, liquibase) VALUES ('add-company-logo-url-configuration-setting', 'ltilve', 'src/main/resources/db.changelog-initial.xml', '2022-11-09 02:30:35.500993+01', 322, 'EXECUTED', '3:009cd5341d49b5415bf7ec539de24c79', 'Add Column, Update Data', 'Add new column with configuration setting', NULL, '2.0-rc7');
INSERT INTO public.databasechangelog (id, author, filename, dateexecuted, orderexecuted, exectype, md5sum, description, comments, tag, liquibase) VALUES ('add scheduling mode', 'ogonzalez', 'src/main/resources/db.changelog-initial.xml', '2022-11-09 02:30:35.500993+01', 323, 'EXECUTED', '3:8a4ed0c0131906744a85a38278180e13', 'Add Column, Update Data', 'column for org.libreplan.business.orders.entities.Order.schedulingMode', NULL, '2.0-rc7');
INSERT INTO public.databasechangelog (id, author, filename, dateexecuted, orderexecuted, exectype, md5sum, description, comments, tag, liquibase) VALUES ('rename start_constraint_type in task and task milestone', 'ogonzalez', 'src/main/resources/db.changelog-initial.xml', '2022-11-09 02:30:35.500993+01', 324, 'EXECUTED', '3:0ba5792ffc0bff2a1ce571047b008796', 'Rename Column (x2)', 'Caused by renaming org.libreplan.business.planner.entities.TaskPositionConstraint.startConstraintType', NULL, '2.0-rc7');
INSERT INTO public.databasechangelog (id, author, filename, dateexecuted, orderexecuted, exectype, md5sum, description, comments, tag, liquibase) VALUES ('add-scenarios-enabled-configuration-setting', 'ltilve', 'src/main/resources/db.changelog-initial.xml', '2022-11-09 02:30:35.500993+01', 325, 'EXECUTED', '3:53d99bb420a0c55c8eaa9389e3fc0ed5', 'Add Column, Update Data', 'Add new column with scenarios visibility flag', NULL, '2.0-rc7');
INSERT INTO public.databasechangelog (id, author, filename, dateexecuted, orderexecuted, exectype, md5sum, description, comments, tag, liquibase) VALUES ('change-types-start-finish-date-criterion-satisfaction', 'ogonzalez', 'src/main/resources/db.changelog-initial.xml', '2022-11-09 02:30:35.500993+01', 326, 'EXECUTED', '3:93527c263e394c3960738fc2e9734c4c', 'Modify data type (x2)', 'Change types of start and finish date to date for criterion satisfaction table', NULL, '2.0-rc7');
INSERT INTO public.databasechangelog (id, author, filename, dateexecuted, orderexecuted, exectype, md5sum, description, comments, tag, liquibase) VALUES ('remove-stretches-with-amountWorkPercentage-equal-100', 'dpino', 'src/main/resources/db.changelog-initial.xml', '2022-11-09 02:30:35.500993+01', 327, 'EXECUTED', '3:a0f7f55dd790eefb369fbf139642a868', 'Custom SQL', 'Removes all stretches which amountWorkPercentage value is 100 as now these stretches will be created automatically and never stored into DB', NULL, '2.0-rc7');
INSERT INTO public.databasechangelog (id, author, filename, dateexecuted, orderexecuted, exectype, md5sum, description, comments, tag, liquibase) VALUES ('use-capacity-instead-of-effort_duration-and-not_over_assignable', 'ogonzalez', 'src/main/resources/db.changelog-1.0.xml', '2022-11-09 02:30:35.500993+01', 328, 'EXECUTED', '3:71ae3b8d8998329d68e95d8ad2135745', 'Add Column, Rename Column, Update Data, Drop Column', 'Convert from duration + notAssignable (not over assignable) to capacity property', NULL, '2.0-rc7');
INSERT INTO public.databasechangelog (id, author, filename, dateexecuted, orderexecuted, exectype, md5sum, description, comments, tag, liquibase) VALUES ('use-capacity-for-exceptions', 'ogonzalez', 'src/main/resources/db.changelog-1.0.xml', '2022-11-09 02:30:35.500993+01', 329, 'EXECUTED', '3:83576dfaa5871f36aa3f7d4119814f8f', 'Add Column, Rename Column, Custom SQL', 'Convert from duration to capacity property for calendar exceptions', NULL, '2.0-rc7');
INSERT INTO public.databasechangelog (id, author, filename, dateexecuted, orderexecuted, exectype, md5sum, description, comments, tag, liquibase) VALUES ('use-capacity-for-capacity-per-day-for-calendar-data', 'ogonzalez', 'src/main/resources/db.changelog-1.0.xml', '2022-11-09 02:30:35.500993+01', 330, 'EXECUTED', '3:a643cf37da0098f0cad242d306bb5d05', 'Rename Table, Add Column, Rename Column', 'Convert from duration to capacity in effort per day for CalendarData', NULL, '2.0-rc7');
INSERT INTO public.databasechangelog (id, author, filename, dateexecuted, orderexecuted, exectype, md5sum, description, comments, tag, liquibase) VALUES ('by_default_weekends_are_not_overassignable', 'ogonzalez', 'src/main/resources/db.changelog-1.0.xml', '2022-11-09 02:30:35.500993+01', 331, 'EXECUTED', '3:8ddf0ca2b0fc243475ee2f4c21172565', 'Custom SQL', 'By default weekends are not over assignable', NULL, '2.0-rc7');
INSERT INTO public.databasechangelog (id, author, filename, dateexecuted, orderexecuted, exectype, md5sum, description, comments, tag, liquibase) VALUES ('replace-column-limited_resource-with-resource_type', 'jaragunde', 'src/main/resources/db.changelog-1.0.xml', '2022-11-09 02:30:35.500993+01', 332, 'EXECUTED', '3:b6640208fbf11943fa46d8953516bad7', 'Add Column, Update Data (x2), Add Not-Null Constraint, Drop Column', 'Replace column limited_resource with resource_type in resource table', NULL, '2.0-rc7');
INSERT INTO public.databasechangelog (id, author, filename, dateexecuted, orderexecuted, exectype, md5sum, description, comments, tag, liquibase) VALUES ('add-new-column-changed_default_admin_password', 'smontes', 'src/main/resources/db.changelog-1.0.xml', '2022-11-09 02:30:35.500993+01', 333, 'EXECUTED', '3:f1a662e7435430892ac7d6cf903c4ce8', 'Add Column, Add Default Value, Add Not-Null Constraint', 'Add new column changed_default_admin_password with default value FALSE to configuration table', NULL, '2.0-rc7');
INSERT INTO public.databasechangelog (id, author, filename, dateexecuted, orderexecuted, exectype, md5sum, description, comments, tag, liquibase) VALUES ('add-new-column-changed_default_user_password', 'smontes', 'src/main/resources/db.changelog-1.0.xml', '2022-11-09 02:30:35.500993+01', 334, 'EXECUTED', '3:cf1274e98ff8796a0f4e3527004c8cd0', 'Add Column, Add Default Value, Add Not-Null Constraint', 'Add new column changed_default_user_password with default value FALSE to configuration table', NULL, '2.0-rc7');
INSERT INTO public.databasechangelog (id, author, filename, dateexecuted, orderexecuted, exectype, md5sum, description, comments, tag, liquibase) VALUES ('add-new-column-changed_default_wsreader_password', 'smontes', 'src/main/resources/db.changelog-1.0.xml', '2022-11-09 02:30:35.500993+01', 335, 'EXECUTED', '3:90bb4041ae144714e7bc703ee73d70c1', 'Add Column, Add Default Value, Add Not-Null Constraint', 'Add new column changed_default_wsreader_password with default value FALSE to configuration table', NULL, '2.0-rc7');
INSERT INTO public.databasechangelog (id, author, filename, dateexecuted, orderexecuted, exectype, md5sum, description, comments, tag, liquibase) VALUES ('add-new-column-changed_default_wswriter_password', 'smontes', 'src/main/resources/db.changelog-1.0.xml', '2022-11-09 02:30:35.500993+01', 336, 'EXECUTED', '3:124f7fbb425a88220c72c315639a546e', 'Add Column, Add Default Value, Add Not-Null Constraint', 'Add new column changed_default_wswriter_password with default value FALSE to configuration table', NULL, '2.0-rc7');
INSERT INTO public.databasechangelog (id, author, filename, dateexecuted, orderexecuted, exectype, md5sum, description, comments, tag, liquibase) VALUES ('add-intended_resources_per_day-column-to-resource-allocation', 'ogonzalez', 'src/main/resources/db.changelog-1.0.xml', '2022-11-09 02:30:35.500993+01', 337, 'EXECUTED', '3:0f818026f55b70d7907ff07b6d6c7f1d', 'Add Column, Custom SQL', 'add intended_resources_per_day column to resource-allocation', NULL, '2.0-rc7');
INSERT INTO public.databasechangelog (id, author, filename, dateexecuted, orderexecuted, exectype, md5sum, description, comments, tag, liquibase) VALUES ('change-original-total-assignment-to-use-effort-duration', 'ogonzalez', 'src/main/resources/db.changelog-1.0.xml', '2022-11-09 02:30:35.500993+01', 338, 'EXECUTED', '3:e29e39577cdd5015b9be6999d8310544', 'Add Column, Add Default Value, Custom SQL, Drop Column', 'rename original_total_assignment to intended_total_assignment and now it''s interpreted as an EffortDuration', NULL, '2.0-rc7');
INSERT INTO public.databasechangelog (id, author, filename, dateexecuted, orderexecuted, exectype, md5sum, description, comments, tag, liquibase) VALUES ('add-intended_non_consolidated_effort', 'ogonzalez', 'src/main/resources/db.changelog-1.0.xml', '2022-11-09 02:30:35.500993+01', 339, 'EXECUTED', '3:e7ac605310143d646b9c8fd0de19c51a', 'Add Column, Add Default Value, Custom SQL', '', NULL, '2.0-rc7');
INSERT INTO public.databasechangelog (id, author, filename, dateexecuted, orderexecuted, exectype, md5sum, description, comments, tag, liquibase) VALUES ('add-effort-duration-to-task-and-milestone', 'mrego', 'src/main/resources/db.changelog-1.0.xml', '2022-11-09 02:30:35.500993+01', 340, 'EXECUTED', '3:818f79da6b908a1a7c579e60deb53e26', 'Add Column (x2), Add Default Value (x2)', 'constraintDate attribute in class TaskPositionConstraint has been changed to IntraDayDate.
            It is needed to add some columns to store EffortDuration in Task and TaskMilestone.', NULL, '2.0-rc7');
INSERT INTO public.databasechangelog (id, author, filename, dateexecuted, orderexecuted, exectype, md5sum, description, comments, tag, liquibase) VALUES ('add-new-column-ldap-host', 'calvarinop', 'src/main/resources/db.changelog-1.1.xml', '2022-11-09 02:30:35.500993+01', 341, 'EXECUTED', '3:7984328274b0af25bf454a71f709a0dc', 'Add Column', 'Add new column to store ldap host', NULL, '2.0-rc7');
INSERT INTO public.databasechangelog (id, author, filename, dateexecuted, orderexecuted, exectype, md5sum, description, comments, tag, liquibase) VALUES ('add-new-column-ldap-port', 'calvarinop', 'src/main/resources/db.changelog-1.1.xml', '2022-11-09 02:30:35.500993+01', 342, 'EXECUTED', '3:a698fd66dc9b58c8e7df0ffafc6f7d1c', 'Add Column', 'Add new column to store ldap port', NULL, '2.0-rc7');
INSERT INTO public.databasechangelog (id, author, filename, dateexecuted, orderexecuted, exectype, md5sum, description, comments, tag, liquibase) VALUES ('add-new-column-ldap-base', 'calvarinop', 'src/main/resources/db.changelog-1.1.xml', '2022-11-09 02:30:35.500993+01', 343, 'EXECUTED', '3:be1cce8488649e3d266a5df219713071', 'Add Column', 'Add new column to store ldap base', NULL, '2.0-rc7');
INSERT INTO public.databasechangelog (id, author, filename, dateexecuted, orderexecuted, exectype, md5sum, description, comments, tag, liquibase) VALUES ('add-new-column-ldap-userdn', 'calvarinop', 'src/main/resources/db.changelog-1.1.xml', '2022-11-09 02:30:35.500993+01', 344, 'EXECUTED', '3:c4c93711bd374e215a65f6f45b6a5f44', 'Add Column', 'Add new column to store ldap userdn', NULL, '2.0-rc7');
INSERT INTO public.databasechangelog (id, author, filename, dateexecuted, orderexecuted, exectype, md5sum, description, comments, tag, liquibase) VALUES ('add-new-column-ldap-password', 'calvarinop', 'src/main/resources/db.changelog-1.1.xml', '2022-11-09 02:30:35.500993+01', 345, 'EXECUTED', '3:22761f7b110aec44930935cb79f179d5', 'Add Column', 'Add new column to store ldap password', NULL, '2.0-rc7');
INSERT INTO public.databasechangelog (id, author, filename, dateexecuted, orderexecuted, exectype, md5sum, description, comments, tag, liquibase) VALUES ('add-new-column-ldap-userid', 'calvarinop', 'src/main/resources/db.changelog-1.1.xml', '2022-11-09 02:30:35.500993+01', 346, 'EXECUTED', '3:b628b315f6a3d2266cb6d280f9525f5f', 'Add Column', 'Add new column to store ldap userid', NULL, '2.0-rc7');
INSERT INTO public.databasechangelog (id, author, filename, dateexecuted, orderexecuted, exectype, md5sum, description, comments, tag, liquibase) VALUES ('add-new-column-ldap-save-password-db', 'calvarinop', 'src/main/resources/db.changelog-1.1.xml', '2022-11-09 02:30:35.500993+01', 347, 'EXECUTED', '3:b4447892b37ee903664f9b5bd54e7a2e', 'Add Column', 'Add new column to store ldap passwords in database', NULL, '2.0-rc7');
INSERT INTO public.databasechangelog (id, author, filename, dateexecuted, orderexecuted, exectype, md5sum, description, comments, tag, liquibase) VALUES ('add-new-column-ldap-auth-enabled', 'calvarinop', 'src/main/resources/db.changelog-1.1.xml', '2022-11-09 02:30:35.500993+01', 348, 'EXECUTED', '3:979a11f6d147433ec84e6165927683fa', 'Add Column', 'Add new column to store ldap authentication enabled', NULL, '2.0-rc7');
INSERT INTO public.databasechangelog (id, author, filename, dateexecuted, orderexecuted, exectype, md5sum, description, comments, tag, liquibase) VALUES ('add-new-column-navalplan-user', 'idiazt', 'src/main/resources/db.changelog-1.1.xml', '2022-11-09 02:30:35.500993+01', 349, 'EXECUTED', '3:76c2b18d10554416d9ca9055d3c2e768', 'Add Column', 'Add new column to store if it is a navalplan user', NULL, '2.0-rc7');
INSERT INTO public.databasechangelog (id, author, filename, dateexecuted, orderexecuted, exectype, md5sum, description, comments, tag, liquibase) VALUES ('delete-constraint-not-null-user-password', 'idiazt', 'src/main/resources/db.changelog-1.1.xml', '2022-11-09 02:30:35.500993+01', 350, 'EXECUTED', '3:0470d6d460842219443027cdb633232c', 'Drop Not-Null Constraint', 'Delete constraint not null for user password', NULL, '2.0-rc7');
INSERT INTO public.databasechangelog (id, author, filename, dateexecuted, orderexecuted, exectype, md5sum, description, comments, tag, liquibase) VALUES ('set-default-value-navalplan-user', 'idiazt', 'src/main/resources/db.changelog-1.1.xml', '2022-11-09 02:30:35.500993+01', 351, 'EXECUTED', '3:8935d0ba839c252967d398f0db3ed01d', 'Add Default Value, Add Not-Null Constraint', '', NULL, '2.0-rc7');
INSERT INTO public.databasechangelog (id, author, filename, dateexecuted, orderexecuted, exectype, md5sum, description, comments, tag, liquibase) VALUES ('set-default-value-ldap-save-password-db', 'idiazt', 'src/main/resources/db.changelog-1.1.xml', '2022-11-09 02:30:35.500993+01', 352, 'EXECUTED', '3:6bcb9c9c00f066bc7ef5e568abf2da6f', 'Add Default Value, Add Not-Null Constraint', '', NULL, '2.0-rc7');
INSERT INTO public.databasechangelog (id, author, filename, dateexecuted, orderexecuted, exectype, md5sum, description, comments, tag, liquibase) VALUES ('set-default-value-ldap-auth-enabled', 'idiazt', 'src/main/resources/db.changelog-1.1.xml', '2022-11-09 02:30:35.500993+01', 353, 'EXECUTED', '3:987742cd9637874021c47ad9388655d2', 'Add Default Value, Add Not-Null Constraint', '', NULL, '2.0-rc7');
INSERT INTO public.databasechangelog (id, author, filename, dateexecuted, orderexecuted, exectype, md5sum, description, comments, tag, liquibase) VALUES ('add-new-column-ldap-save-roles-db', 'calvarinop', 'src/main/resources/db.changelog-1.1.xml', '2022-11-09 02:30:35.500993+01', 354, 'EXECUTED', '3:e7fc821091b4d96786edf2aa98308f3b', 'Add Column, Add Default Value, Add Not-Null Constraint', 'Add new column to store ldap roles in database', NULL, '2.0-rc7');
INSERT INTO public.databasechangelog (id, author, filename, dateexecuted, orderexecuted, exectype, md5sum, description, comments, tag, liquibase) VALUES ('create-new-table-matching-roles', 'calvarinop', 'src/main/resources/db.changelog-1.1.xml', '2022-11-09 02:30:35.500993+01', 355, 'EXECUTED', '3:5afc1ada9ec4ae6bfd66368c2512e145', 'Create Table, Add Foreign Key Constraint, Add Column (x2)', 'Add new column to store ldap role property', NULL, '2.0-rc7');
INSERT INTO public.databasechangelog (id, author, filename, dateexecuted, orderexecuted, exectype, md5sum, description, comments, tag, liquibase) VALUES ('add-new-column-ldap-search-query', 'idiazt', 'src/main/resources/db.changelog-1.1.xml', '2022-11-09 02:30:35.500993+01', 356, 'EXECUTED', '3:8e994641ada47323406f65d515ff00a0', 'Add Column', 'Add new column to store ldap role search query', NULL, '2.0-rc7');
INSERT INTO public.databasechangelog (id, author, filename, dateexecuted, orderexecuted, exectype, md5sum, description, comments, tag, liquibase) VALUES ('add-new-column-enabled-autocomplete-login', 'smontes', 'src/main/resources/db.changelog-1.1.xml', '2022-11-09 02:30:35.500993+01', 357, 'EXECUTED', '3:0542da97fbff41b95f9cf5ef10ffa322', 'Add Column, Add Default Value, Add Not-Null Constraint', 'Add new column enabled_autocomplete_login with default value TRUE to configuration table', NULL, '2.0-rc7');
INSERT INTO public.databasechangelog (id, author, filename, dateexecuted, orderexecuted, exectype, md5sum, description, comments, tag, liquibase) VALUES ('add-application-language', 'calvarinop', 'src/main/resources/db.changelog-1.1.xml', '2022-11-09 02:30:35.500993+01', 358, 'EXECUTED', '3:f451e552cb7903c699c88ecde02e85c6', 'Add Column', 'Add new column to store the language of application for this user', NULL, '2.0-rc7');
INSERT INTO public.databasechangelog (id, author, filename, dateexecuted, orderexecuted, exectype, md5sum, description, comments, tag, liquibase) VALUES ('move-columns-from-configuration-table', 'calvarinop', 'src/main/resources/db.changelog-1.1.xml', '2022-11-09 02:30:35.500993+01', 359, 'EXECUTED', '3:7243259227df39ef2f0683d4b425d369', 'Add Column, Add Default Value, Add Not-Null Constraint, Add Column, Add Default Value, Add Not-Null Constraint, Add Column, Add Default Value, Add Not-Null Constraint, Drop Column (x3)', 'Move columns from configuration table to user table', NULL, '2.0-rc7');
INSERT INTO public.databasechangelog (id, author, filename, dateexecuted, orderexecuted, exectype, md5sum, description, comments, tag, liquibase) VALUES ('add-new-fields', 'calvarinop', 'src/main/resources/db.changelog-1.1.xml', '2022-11-09 02:30:35.500993+01', 360, 'EXECUTED', '3:6950443e7dca6f2af1e7d095abde62bc', 'Add Column (x2)', 'Add new column to store the first and last name for this user', NULL, '2.0-rc7');
INSERT INTO public.databasechangelog (id, author, filename, dateexecuted, orderexecuted, exectype, md5sum, description, comments, tag, liquibase) VALUES ('remove-configuration_roles_ldap', 'mrego', 'src/main/resources/db.changelog-1.1.xml', '2022-11-09 02:30:35.500993+01', 361, 'EXECUTED', '3:88dacdfabdf225e6ed8b25e4807afeb8', 'Drop Column', 'Remove column configuration_roles_ldap in role_matching_id', NULL, '2.0-rc7');
INSERT INTO public.databasechangelog (id, author, filename, dateexecuted, orderexecuted, exectype, md5sum, description, comments, tag, liquibase) VALUES ('add-column-progress_all_by_num_hours-in-planning_data', 'mrego', 'src/main/resources/db.changelog-1.1.xml', '2022-11-09 02:30:35.500993+01', 362, 'EXECUTED', '3:9410a670cf6cccd21638c8eddb6b8b36', 'Add Column', 'Add column progress_all_by_num_hours in planning_data', NULL, '2.0-rc7');
INSERT INTO public.databasechangelog (id, author, filename, dateexecuted, orderexecuted, exectype, md5sum, description, comments, tag, liquibase) VALUES ('update-color-in-calendar_exception_type-to-default', 'mrego', 'src/main/resources/db.changelog-1.1.xml', '2022-11-09 02:30:35.500993+01', 363, 'EXECUTED', '3:2f5f94374b2021dca7bc4d8245807ae4', 'Update Data', 'Update color in calendar_exception_type to DEFAULT', NULL, '2.0-rc7');
INSERT INTO public.databasechangelog (id, author, filename, dateexecuted, orderexecuted, exectype, md5sum, description, comments, tag, liquibase) VALUES ('create-table-manual_function', 'mrego', 'src/main/resources/db.changelog-1.1.xml', '2022-11-09 02:30:35.500993+01', 364, 'EXECUTED', '3:aac963ac8a7a63814472c50edf8b367a', 'Create Table, Add Foreign Key Constraint', '', NULL, '2.0-rc7');
INSERT INTO public.databasechangelog (id, author, filename, dateexecuted, orderexecuted, exectype, md5sum, description, comments, tag, liquibase) VALUES ('change-numhours-to-effort-in-work-report-lines', 'idiazt', 'src/main/resources/db.changelog-1.1.xml', '2022-11-09 02:30:35.500993+01', 365, 'EXECUTED', '3:824cfe1ec43c490e63bf2d8316f1255e', 'Rename Column', 'Changing work_report_line numHours to effort', NULL, '2.0-rc7');
INSERT INTO public.databasechangelog (id, author, filename, dateexecuted, orderexecuted, exectype, md5sum, description, comments, tag, liquibase) VALUES ('update-numhours-values-to-effort-values', 'idiazt', 'src/main/resources/db.changelog-1.1.xml', '2022-11-09 02:30:35.500993+01', 366, 'EXECUTED', '3:79a9659b3a77004c5fe13bbec8aad88c', 'Custom SQL', 'Updating numHours to effort (hours to seconds)', NULL, '2.0-rc7');
INSERT INTO public.databasechangelog (id, author, filename, dateexecuted, orderexecuted, exectype, md5sum, description, comments, tag, liquibase) VALUES ('change-sum_charged_hours-to-sum_charged_effort', 'mrego', 'src/main/resources/db.changelog-1.1.xml', '2022-11-09 02:30:35.500993+01', 367, 'EXECUTED', '3:202833e32d386f5a3edf903b2d5a21b4', 'Rename Table, Rename Column (x2)', 'Changing sum_charged_hours to sum_charged_effort', NULL, '2.0-rc7');
INSERT INTO public.databasechangelog (id, author, filename, dateexecuted, orderexecuted, exectype, md5sum, description, comments, tag, liquibase) VALUES ('update-effort-values-in-sum_charged_effort', 'mrego', 'src/main/resources/db.changelog-1.1.xml', '2022-11-09 02:30:35.500993+01', 368, 'EXECUTED', '3:6d7d2103e92b3ac55b9658931fc3ed65', 'Custom SQL (x2)', 'Updating effort values (hours to seconds) in sum_charged_effort table', NULL, '2.0-rc7');
INSERT INTO public.databasechangelog (id, author, filename, dateexecuted, orderexecuted, exectype, md5sum, description, comments, tag, liquibase) VALUES ('drop-foreign-key-sum_charged_hours_id-in-order_element', 'dmel', 'src/main/resources/db.changelog-1.1.xml', '2022-11-09 02:30:35.500993+01', 369, 'EXECUTED', '3:288d757a697e34248fbb5dab4177c4a0', 'Drop Foreign Key Constraint', '', NULL, '2.0-rc7');
INSERT INTO public.databasechangelog (id, author, filename, dateexecuted, orderexecuted, exectype, md5sum, description, comments, tag, liquibase) VALUES ('rename-sum_charged_hours_id-to-sum_charged_effort_id', 'mrego', 'src/main/resources/db.changelog-1.1.xml', '2022-11-09 02:30:35.500993+01', 370, 'EXECUTED', '3:f8140dac93702c25f7fe75d9217ef9c5', 'Rename Column', 'Rename sum_charged_hours_id to sum_charged_effort_id in order_element', NULL, '2.0-rc7');
INSERT INTO public.databasechangelog (id, author, filename, dateexecuted, orderexecuted, exectype, md5sum, description, comments, tag, liquibase) VALUES ('add-foreign-key-sum_charged_effort_id-in-order_element', 'dmel', 'src/main/resources/db.changelog-1.1.xml', '2022-11-09 02:30:35.500993+01', 371, 'EXECUTED', '3:a8fa898f9cfaa1afa3afbab4c1c9f82b', 'Add Foreign Key Constraint', '', NULL, '2.0-rc7');
INSERT INTO public.databasechangelog (id, author, filename, dateexecuted, orderexecuted, exectype, md5sum, description, comments, tag, liquibase) VALUES ('drop-column-date-in-stretches-table', 'mrego', 'src/main/resources/db.changelog-1.1.xml', '2022-11-09 02:30:35.500993+01', 372, 'EXECUTED', '3:e0ed365c168583ff5c4c81c9ac79d644', 'Drop Column', '', NULL, '2.0-rc7');
INSERT INTO public.databasechangelog (id, author, filename, dateexecuted, orderexecuted, exectype, md5sum, description, comments, tag, liquibase) VALUES ('add-version-to-planning-data', 'ogonzalez', 'src/main/resources/db.changelog-1.1.xml', '2022-11-09 02:30:35.500993+01', 373, 'EXECUTED', '3:ae9dca1ca9cb3556cf5efdca689b8fc1', 'Add Column', '', NULL, '2.0-rc7');
INSERT INTO public.databasechangelog (id, author, filename, dateexecuted, orderexecuted, exectype, md5sum, description, comments, tag, liquibase) VALUES ('change-navalplan_user-to-libreplan_user-in-user_table', 'mrego', 'src/main/resources/db.changelog-1.1.xml', '2022-11-09 02:30:35.500993+01', 374, 'EXECUTED', '3:82c71f38665f14d5d8ef9391a5c2487d', 'Rename Column', 'Changing navalplan_user to libreplan_user in user_table', NULL, '2.0-rc7');
INSERT INTO public.databasechangelog (id, author, filename, dateexecuted, orderexecuted, exectype, md5sum, description, comments, tag, liquibase) VALUES ('add-new-column-ldap-role-strategy', 'idiazt', 'src/main/resources/db.changelog-1.1.xml', '2022-11-09 02:30:35.500993+01', 375, 'EXECUTED', '3:3145034f8fd26477ae1fac7da835a43e', 'Add Column, Add Default Value, Add Not-Null Constraint', 'Add new column to store ldap role strategy', NULL, '2.0-rc7');
INSERT INTO public.databasechangelog (id, author, filename, dateexecuted, orderexecuted, exectype, md5sum, description, comments, tag, liquibase) VALUES ('add-task_end_date_effort_duration-to-consolidated_value', 'mrego', 'src/main/resources/db.changelog-1.2.xml', '2022-11-09 02:30:35.500993+01', 376, 'EXECUTED', '3:4ffcc289b81bfbfa1d43466ad34d9705', 'Add Column, Add Default Value', 'taskEndDate attribute in class ConsolidatedValue has been changed to IntraDayDate.
            It is needed to add some columns to store EffortDuration in ConsolidatedValue.', NULL, '2.0-rc7');
INSERT INTO public.databasechangelog (id, author, filename, dateexecuted, orderexecuted, exectype, md5sum, description, comments, tag, liquibase) VALUES ('change-sum_of_hours_allocated-to-sum_of_assigned_effort', 'jaragunde', 'src/main/resources/db.changelog-1.2.xml', '2022-11-09 02:30:35.500993+01', 377, 'EXECUTED', '3:075a1a017c4cac0b0480a84f3a539655', 'Rename Column', 'Changing sum_of_hours_allocated to sum_of_assigned_effort', NULL, '2.0-rc7');
INSERT INTO public.databasechangelog (id, author, filename, dateexecuted, orderexecuted, exectype, md5sum, description, comments, tag, liquibase) VALUES ('update-effort-values-in-sum_charged_effort', 'jaragunde', 'src/main/resources/db.changelog-1.2.xml', '2022-11-09 02:30:35.500993+01', 378, 'EXECUTED', '3:f408e919dea5d8b75042efb84879380d', 'Custom SQL', 'Updating effort values (hours to seconds) in task_element table', NULL, '2.0-rc7');
INSERT INTO public.databasechangelog (id, author, filename, dateexecuted, orderexecuted, exectype, md5sum, description, comments, tag, liquibase) VALUES ('add-new-column-check_new_version_enabled', 'mrego', 'src/main/resources/db.changelog-1.2.xml', '2022-11-09 02:30:35.500993+01', 379, 'EXECUTED', '3:8e46dd07efca106657d62ade635bbf03', 'Add Column, Add Default Value, Add Not-Null Constraint', 'Add new column check_new_version_enabled with default value TRUE to configuration table', NULL, '2.0-rc7');
INSERT INTO public.databasechangelog (id, author, filename, dateexecuted, orderexecuted, exectype, md5sum, description, comments, tag, liquibase) VALUES ('add-new-column-allow_to_gather_usage_stats_enabled', 'mrego', 'src/main/resources/db.changelog-1.2.xml', '2022-11-09 02:30:35.500993+01', 380, 'EXECUTED', '3:93c54c45c29d479faa98e6db1af06591', 'Add Column, Add Default Value, Add Not-Null Constraint', 'Add new column allow_to_gather_usage_stats_enabled with default value FALSE to configuration table', NULL, '2.0-rc7');
INSERT INTO public.databasechangelog (id, author, filename, dateexecuted, orderexecuted, exectype, md5sum, description, comments, tag, liquibase) VALUES ('change-column-description-in-order_element-to-text', 'mrego', 'src/main/resources/db.changelog-1.2.xml', '2022-11-09 02:30:35.500993+01', 381, 'EXECUTED', '3:f2241d994f460dca4300c84c9e8f76a0', 'Modify data type', 'Change column description in order_element to TEXT', NULL, '2.0-rc7');
INSERT INTO public.databasechangelog (id, author, filename, dateexecuted, orderexecuted, exectype, md5sum, description, comments, tag, liquibase) VALUES ('change-column-description-in-order_element_template-to-text', 'mrego', 'src/main/resources/db.changelog-1.2.xml', '2022-11-09 02:30:35.500993+01', 382, 'EXECUTED', '3:cb7234813755a9eceb39dc4601011375', 'Modify data type', 'Change column description in order_element_template to TEXT', NULL, '2.0-rc7');
INSERT INTO public.databasechangelog (id, author, filename, dateexecuted, orderexecuted, exectype, md5sum, description, comments, tag, liquibase) VALUES ('add-budget-column-to-order_line', 'mrego', 'src/main/resources/db.changelog-1.2.xml', '2022-11-09 02:30:35.500993+01', 383, 'EXECUTED', '3:68630e28c83f5f0b24ffd8378526d2a7', 'Add Column, Add Not-Null Constraint, Add Default Value', 'add budget column to order_line', NULL, '2.0-rc7');
INSERT INTO public.databasechangelog (id, author, filename, dateexecuted, orderexecuted, exectype, md5sum, description, comments, tag, liquibase) VALUES ('add-budget-column-to-order_line_template', 'mrego', 'src/main/resources/db.changelog-1.2.xml', '2022-11-09 02:30:35.500993+01', 384, 'EXECUTED', '3:0b8337c5f55c7c2d0159facda7ca80ef', 'Add Column, Add Not-Null Constraint, Add Default Value', 'add budget column to order_line_template', NULL, '2.0-rc7');
INSERT INTO public.databasechangelog (id, author, filename, dateexecuted, orderexecuted, exectype, md5sum, description, comments, tag, liquibase) VALUES ('initial-database-creation-customer-comunication', 'smontes', 'src/main/resources/db.changelog-1.2.xml', '2022-11-09 02:30:35.500993+01', 385, 'EXECUTED', '3:59a56c15bcd845deb7f160c2ed1ff817', 'Create Table', '', NULL, '2.0.5');
INSERT INTO public.databasechangelog (id, author, filename, dateexecuted, orderexecuted, exectype, md5sum, description, comments, tag, liquibase) VALUES ('initial-database-creation-subcontractor-comunication', 'smontes', 'src/main/resources/db.changelog-1.2.xml', '2022-11-09 02:30:35.500993+01', 386, 'EXECUTED', '3:ecd951d180545b3e53241e7a862215ac', 'Create Table', '', NULL, '2.0.5');
INSERT INTO public.databasechangelog (id, author, filename, dateexecuted, orderexecuted, exectype, md5sum, description, comments, tag, liquibase) VALUES ('initial-database-creation-subcontractor-comunication-value', 'smontes', 'src/main/resources/db.changelog-1.2.xml', '2022-11-09 02:30:35.500993+01', 387, 'EXECUTED', '3:0193a0cb269f0fca18d96d1be7628b2e', 'Create Table', '', NULL, '2.0.5');
INSERT INTO public.databasechangelog (id, author, filename, dateexecuted, orderexecuted, exectype, md5sum, description, comments, tag, liquibase) VALUES ('rename-table-customer_comunication-to-customer_communication', 'smontes', 'src/main/resources/db.changelog-1.2.xml', '2022-11-09 02:30:35.500993+01', 388, 'EXECUTED', '3:1ae733e6ccc918ffebd42a6f81d64d0b', 'Rename Table', 'Rename table customer_comunication to customer_communication', NULL, '2.0.5');
INSERT INTO public.databasechangelog (id, author, filename, dateexecuted, orderexecuted, exectype, md5sum, description, comments, tag, liquibase) VALUES ('rename-column-comunication_type-to-communication_type', 'smontes', 'src/main/resources/db.changelog-1.2.xml', '2022-11-09 02:30:35.500993+01', 389, 'EXECUTED', '3:3a22719f63e2217b3263184f5edfcba7', 'Rename Column', 'Rename column comunication_type to communication_type', NULL, '2.0.5');
INSERT INTO public.databasechangelog (id, author, filename, dateexecuted, orderexecuted, exectype, md5sum, description, comments, tag, liquibase) VALUES ('rename-column-comunication_date-to-communication_date', 'smontes', 'src/main/resources/db.changelog-1.2.xml', '2022-11-09 02:30:35.500993+01', 390, 'EXECUTED', '3:2cd6e17fc795e3658f464709fba77874', 'Rename Column', 'Rename column comunication_date to communication_date', NULL, '2.0.5');
INSERT INTO public.databasechangelog (id, author, filename, dateexecuted, orderexecuted, exectype, md5sum, description, comments, tag, liquibase) VALUES ('rename-table-subcontractor_comunication', 'smontes', 'src/main/resources/db.changelog-1.2.xml', '2022-11-09 02:30:35.500993+01', 391, 'EXECUTED', '3:e9e6a2bcb8dfe3fed721f32999bf51f1', 'Rename Table', 'Rename table subcontractor_comunication to subcontractor_communication', NULL, '2.0.5');
INSERT INTO public.databasechangelog (id, author, filename, dateexecuted, orderexecuted, exectype, md5sum, description, comments, tag, liquibase) VALUES ('rename-column-comunication_type-on-subcontractor-communication', 'smontes', 'src/main/resources/db.changelog-1.2.xml', '2022-11-09 02:30:35.500993+01', 392, 'EXECUTED', '3:66fa4dd7f1e8cfc5c2a0a569eb1b7e76', 'Rename Column', 'Rename column comunication_type to communication_type', NULL, '2.0.5');
INSERT INTO public.databasechangelog (id, author, filename, dateexecuted, orderexecuted, exectype, md5sum, description, comments, tag, liquibase) VALUES ('rename-column-comunication_date-on-subcontractor-communication', 'smontes', 'src/main/resources/db.changelog-1.2.xml', '2022-11-09 02:30:35.500993+01', 393, 'EXECUTED', '3:44d8a7bf4bbd4327cdfce81458b30554', 'Rename Column', 'Rename column comunication_date to communication_date', NULL, '2.0.5');
INSERT INTO public.databasechangelog (id, author, filename, dateexecuted, orderexecuted, exectype, md5sum, description, comments, tag, liquibase) VALUES ('rename-table-subcontractor_comunication_values', 'smontes', 'src/main/resources/db.changelog-1.2.xml', '2022-11-09 02:30:35.500993+01', 394, 'EXECUTED', '3:2a590f887ff2eff855dec6ebb6ab03fd', 'Rename Table', 'Rename table subcontractor_comunication_values to subcontractor_communication_values', NULL, '2.0.5');
INSERT INTO public.databasechangelog (id, author, filename, dateexecuted, orderexecuted, exectype, md5sum, description, comments, tag, liquibase) VALUES ('rename-column-subcontractor_comunication_id', 'smontes', 'src/main/resources/db.changelog-1.2.xml', '2022-11-09 02:30:35.500993+01', 395, 'EXECUTED', '3:26f643ba3829536f31f78def5300d9f4', 'Rename Column', 'Rename column subcontractor_comunication_id', NULL, '2.0.5');
INSERT INTO public.databasechangelog (id, author, filename, dateexecuted, orderexecuted, exectype, md5sum, description, comments, tag, liquibase) VALUES ('add-delivering-date-column-to-order-entity', 'smontes', 'src/main/resources/db.changelog-1.2.xml', '2022-11-09 02:30:35.500993+01', 397, 'EXECUTED', '3:5ea1e3d168533ccd24099c6ac95136c0', 'Add Column', 'Add new delivering date column to order', NULL, '2.0.5');
INSERT INTO public.databasechangelog (id, author, filename, dateexecuted, orderexecuted, exectype, md5sum, description, comments, tag, liquibase) VALUES ('creation-subcontractor-deliver-date', 'smontes', 'src/main/resources/db.changelog-1.2.xml', '2022-11-09 02:30:35.500993+01', 398, 'EXECUTED', '3:8d41b20b896bae55febcc7ab03daff51', 'Create Table', '', NULL, '2.0.5');
INSERT INTO public.databasechangelog (id, author, filename, dateexecuted, orderexecuted, exectype, md5sum, description, comments, tag, liquibase) VALUES ('add-subcontracted-task-data', 'smontes', 'src/main/resources/db.changelog-1.2.xml', '2022-11-09 02:30:35.500993+01', 399, 'EXECUTED', '3:1a4b3b7369aea7ffff6b1cc763ee07dd', 'Add Column', 'Add the column subcontracted_task_id to maintain the relation', NULL, '2.0.5');
INSERT INTO public.databasechangelog (id, author, filename, dateexecuted, orderexecuted, exectype, md5sum, description, comments, tag, liquibase) VALUES ('database-creation-table-end-date-communication-to-customer', 'smontes', 'src/main/resources/db.changelog-1.2.xml', '2022-11-09 02:30:35.500993+01', 400, 'EXECUTED', '3:1a860a9a519552f494435a180819a216', 'Create Table', '', NULL, '2.0.5');
INSERT INTO public.databasechangelog (id, author, filename, dateexecuted, orderexecuted, exectype, md5sum, description, comments, tag, liquibase) VALUES ('subcontracted-date-id-column-to-end-date-communication', 'smontes', 'src/main/resources/db.changelog-1.2.xml', '2022-11-09 02:30:35.500993+01', 401, 'EXECUTED', '3:6bf0c71648f12e59f928f6c505e596ae', 'Add Column', 'Add subcontracted date id column to end date communication to customer', NULL, '2.0.5');
INSERT INTO public.databasechangelog (id, author, filename, dateexecuted, orderexecuted, exectype, md5sum, description, comments, tag, liquibase) VALUES ('rename-table-end_date_comunication-to-customer', 'smontes', 'src/main/resources/db.changelog-1.2.xml', '2022-11-09 02:30:35.500993+01', 402, 'EXECUTED', '3:7994a86f100e2fb01458dd96c62a4b28', 'Rename Table', 'Rename table to end_date_communication', NULL, '2.0.5');
INSERT INTO public.databasechangelog (id, author, filename, dateexecuted, orderexecuted, exectype, md5sum, description, comments, tag, liquibase) VALUES ('change-mapping-order-element-and-sum-charged-effort-postgresql', 'mrego', 'src/main/resources/db.changelog-1.2.xml', '2022-11-09 02:30:35.500993+01', 403, 'EXECUTED', '3:2c5d8a9bd39b9a6c647584bda021b433', 'Add Column, Create Procedure, Custom SQL, Add Foreign Key Constraint, Drop Column', 'Change mapping between OrderElement and SumChargedEffort in MySQL', NULL, '2.0.5');
INSERT INTO public.databasechangelog (id, author, filename, dateexecuted, orderexecuted, exectype, md5sum, description, comments, tag, liquibase) VALUES ('creation-table-expense-sheet', 'smontes', 'src/main/resources/db.changelog-1.2.xml', '2022-11-09 02:30:35.500993+01', 404, 'EXECUTED', '3:58560df3b8bda44b8057b7538e66c15d', 'Create Table', '', NULL, '2.0.5');
INSERT INTO public.databasechangelog (id, author, filename, dateexecuted, orderexecuted, exectype, md5sum, description, comments, tag, liquibase) VALUES ('creation-table-expense-sheet-line', 'smontes', 'src/main/resources/db.changelog-1.2.xml', '2022-11-09 02:30:35.500993+01', 405, 'EXECUTED', '3:c07a2ad8a9e8c277e13bd92806e1414e', 'Create Table, Add Foreign Key Constraint (x3)', '', NULL, '2.0.5');
INSERT INTO public.databasechangelog (id, author, filename, dateexecuted, orderexecuted, exectype, md5sum, description, comments, tag, liquibase) VALUES ('add-new-column-generate-code-for-expense-sheets', 'smontes', 'src/main/resources/db.changelog-1.2.xml', '2022-11-09 02:30:35.500993+01', 406, 'EXECUTED', '3:cad60515a7450740e2582ae1ce815885', 'Add Column, Add Default Value, Add Not-Null Constraint', 'Add new column to generate the code for expense sheet in configuration table', NULL, '2.0.5');
INSERT INTO public.databasechangelog (id, author, filename, dateexecuted, orderexecuted, exectype, md5sum, description, comments, tag, liquibase) VALUES ('modify-columns-type-in-expense-sheet-to-date', 'smontes', 'src/main/resources/db.changelog-1.2.xml', '2022-11-09 02:30:35.500993+01', 407, 'EXECUTED', '3:30af5261fc7d1cc196b254962a6bc9cd', 'Modify data type (x2)', 'modify columns type in expense sheet to date', NULL, '2.0.5');
INSERT INTO public.databasechangelog (id, author, filename, dateexecuted, orderexecuted, exectype, md5sum, description, comments, tag, liquibase) VALUES ('modify-columns-type-in-expense-sheet-line-to-date', 'smontes', 'src/main/resources/db.changelog-1.2.xml', '2022-11-09 02:30:35.500993+01', 408, 'EXECUTED', '3:80e8ab1008f78dd80d4d0427b8cab872', 'Modify data type', 'modify columns type in expense sheet line to date', NULL, '2.0.5');
INSERT INTO public.databasechangelog (id, author, filename, dateexecuted, orderexecuted, exectype, md5sum, description, comments, tag, liquibase) VALUES ('create3-table-sum-expenses', 'smontes', 'src/main/resources/db.changelog-1.2.xml', '2022-11-09 02:30:35.500993+01', 409, 'EXECUTED', '3:5d50ee6bcc8395686dc88683de0c94f7', 'Create Table, Add Foreign Key Constraint', 'creation table sum_expenses', NULL, '2.0.5');
INSERT INTO public.databasechangelog (id, author, filename, dateexecuted, orderexecuted, exectype, md5sum, description, comments, tag, liquibase) VALUES ('add-new-columns-for-currency-in-configuration', 'mrego', 'src/main/resources/db.changelog-1.2.xml', '2022-11-09 02:30:35.500993+01', 410, 'EXECUTED', '3:c0e2f3cc0bd28a4cfb77c91e32b8f72e', 'Add Column, Add Default Value, Add Not-Null Constraint, Add Column, Add Default Value, Add Not-Null Constraint', 'Add new columns for currency in configuration table', NULL, '2.0.5');
INSERT INTO public.databasechangelog (id, author, filename, dateexecuted, orderexecuted, exectype, md5sum, description, comments, tag, liquibase) VALUES ('remove-code-from-order_element_template', 'jaragunde', 'src/main/resources/db.changelog-1.2.xml', '2022-11-09 02:30:35.500993+01', 411, 'EXECUTED', '3:88f6c4f5d7bece8e045f1cae70e5cfae', 'Drop Column', 'Remove column code in order_element_template table', NULL, '2.0.5');
INSERT INTO public.databasechangelog (id, author, filename, dateexecuted, orderexecuted, exectype, md5sum, description, comments, tag, liquibase) VALUES ('add-relationship-between-worker-and-user', 'mrego', 'src/main/resources/db.changelog-1.2.xml', '2022-11-09 02:30:35.500993+01', 412, 'EXECUTED', '3:c1327b421dab02ba46646e25ce3033f0', 'Add Column, Add Unique Constraint, Add Foreign Key Constraint', 'Add column and constraints needed for relationship between worker and user', NULL, '2.0.5');
INSERT INTO public.databasechangelog (id, author, filename, dateexecuted, orderexecuted, exectype, md5sum, description, comments, tag, liquibase) VALUES ('add-monthly_timesheets_type_of_work_hours-to-configuration', 'mrego', 'src/main/resources/db.changelog-1.2.xml', '2022-11-09 02:30:35.500993+01', 413, 'EXECUTED', '3:1fba4f4fa3f9838dcecc9f4c3f03adde', 'Add Column, Add Foreign Key Constraint', 'Add new column monthly_timesheets_type_of_work_hours to
            configuration table.', NULL, '2.0.5');
INSERT INTO public.databasechangelog (id, author, filename, dateexecuted, orderexecuted, exectype, md5sum, description, comments, tag, liquibase) VALUES ('add-new-column-personal-to-expense_sheet-table', 'mrego', 'src/main/resources/db.changelog-1.2.xml', '2022-11-09 02:30:35.500993+01', 414, 'EXECUTED', '3:10bc5bda8b237a316785be725d7be1e3', 'Add Column, Add Default Value, Add Not-Null Constraint', 'Add new column personal with default value FALSE to expense_sheet
            table', NULL, '2.0.5');
INSERT INTO public.databasechangelog (id, author, filename, dateexecuted, orderexecuted, exectype, md5sum, description, comments, tag, liquibase) VALUES ('add-new-column-changed_default_wssubcontracting_password', 'mrego', 'src/main/resources/db.changelog-1.2.xml', '2022-11-09 02:30:35.500993+01', 415, 'EXECUTED', '3:013b7f1448a1110847cf286f1413f035', 'Add Column, Add Default Value, Add Not-Null Constraint', 'Add new column changed_default_wssubcontracting_password with
            default value FALSE to configuration table', NULL, '2.0.5');
INSERT INTO public.databasechangelog (id, author, filename, dateexecuted, orderexecuted, exectype, md5sum, description, comments, tag, liquibase) VALUES ('rename-column-elt-in-roles_table-to-role', 'mrego', 'src/main/resources/db.changelog-1.2.xml', '2022-11-09 02:30:35.500993+01', 416, 'EXECUTED', '3:776a769c3f1a794f6bc4435676322d25', 'Rename Column', 'Rename column elt in roles_table to role', NULL, '2.0.5');
INSERT INTO public.databasechangelog (id, author, filename, dateexecuted, orderexecuted, exectype, md5sum, description, comments, tag, liquibase) VALUES ('rename-roles-in-roles_table', 'mrego', 'src/main/resources/db.changelog-1.2.xml', '2022-11-09 02:30:35.500993+01', 417, 'EXECUTED', '3:096ffd842b1b2b6ada758528f1315a4f', 'Update Data (x4)', 'Rename roles in roles_table', NULL, '2.0.5');
INSERT INTO public.databasechangelog (id, author, filename, dateexecuted, orderexecuted, exectype, md5sum, description, comments, tag, liquibase) VALUES ('rename-column-elt-in-profile_roles-to-role', 'mrego', 'src/main/resources/db.changelog-1.2.xml', '2022-11-09 02:30:35.500993+01', 418, 'EXECUTED', '3:8696c001929a49d0958e563ec6070ee8', 'Rename Column', 'Rename column elt in profile_roles to role', NULL, '2.0.5');
INSERT INTO public.databasechangelog (id, author, filename, dateexecuted, orderexecuted, exectype, md5sum, description, comments, tag, liquibase) VALUES ('rename-roles-in-profile_roles', 'mrego', 'src/main/resources/db.changelog-1.2.xml', '2022-11-09 02:30:35.500993+01', 419, 'EXECUTED', '3:9c1e100911e9b284330a5aa3589984e5', 'Update Data (x4)', 'Rename roles in profile_roles', NULL, '2.0.5');
INSERT INTO public.databasechangelog (id, author, filename, dateexecuted, orderexecuted, exectype, md5sum, description, comments, tag, liquibase) VALUES ('drop-column-changed_default_user_password-in-configuration', 'mrego', 'src/main/resources/db.changelog-1.2.xml', '2022-11-09 02:30:35.500993+01', 420, 'EXECUTED', '3:2468aba8b41e0534a2b163e860dea252', 'Drop Column', 'Drop column code in configuration table', NULL, '2.0.5');
INSERT INTO public.databasechangelog (id, author, filename, dateexecuted, orderexecuted, exectype, md5sum, description, comments, tag, liquibase) VALUES ('add-new-column-changed_default_manager_password', 'mrego', 'src/main/resources/db.changelog-1.2.xml', '2022-11-09 02:30:35.500993+01', 421, 'EXECUTED', '3:6f3d2474a8785e6a221a0e2b3f098a73', 'Add Column, Add Default Value, Add Not-Null Constraint', 'Add new column changed_default_manager_password with
            default value FALSE to configuration table', NULL, '2.0.5');
INSERT INTO public.databasechangelog (id, author, filename, dateexecuted, orderexecuted, exectype, md5sum, description, comments, tag, liquibase) VALUES ('add-new-column-changed_default_hresources_password', 'mrego', 'src/main/resources/db.changelog-1.2.xml', '2022-11-09 02:30:35.500993+01', 422, 'EXECUTED', '3:0d70382a0e68da8f6c7835212988162b', 'Add Column, Add Default Value, Add Not-Null Constraint', 'Add new column changed_default_hresources_password with
            default value FALSE to configuration table', NULL, '2.0.5');
INSERT INTO public.databasechangelog (id, author, filename, dateexecuted, orderexecuted, exectype, md5sum, description, comments, tag, liquibase) VALUES ('add-new-column-changed_default_outsourcing_password', 'mrego', 'src/main/resources/db.changelog-1.2.xml', '2022-11-09 02:30:35.500993+01', 423, 'EXECUTED', '3:f72b604280d98a102dc357ad9ef71b26', 'Add Column, Add Default Value, Add Not-Null Constraint', 'Add new column changed_default_outsourcing_password with
            default value FALSE to configuration table', NULL, '2.0.5');
INSERT INTO public.databasechangelog (id, author, filename, dateexecuted, orderexecuted, exectype, md5sum, description, comments, tag, liquibase) VALUES ('add-new-column-changed_default_reports_password', 'mrego', 'src/main/resources/db.changelog-1.2.xml', '2022-11-09 02:30:35.500993+01', 424, 'EXECUTED', '3:f4fdaac87e8d1d2246ac482544268dc8', 'Add Column, Add Default Value, Add Not-Null Constraint', 'Add new column changed_default_reports_password with
            default value FALSE to configuration table', NULL, '2.0.5');
INSERT INTO public.databasechangelog (id, author, filename, dateexecuted, orderexecuted, exectype, md5sum, description, comments, tag, liquibase) VALUES ('change-column-notes-in-task_element-to-text', 'jaragunde', 'src/main/resources/db.changelog-1.3.xml', '2022-11-09 02:30:35.500993+01', 425, 'EXECUTED', '3:43aa8b1c00d2eb37547f3a6c49fb4023', 'Modify data type', 'Change column notes in task_element to TEXT', NULL, '2.0.5');
INSERT INTO public.databasechangelog (id, author, filename, dateexecuted, orderexecuted, exectype, md5sum, description, comments, tag, liquibase) VALUES ('update-work_report_type-name-to-personal-timehseets', 'mrego', 'src/main/resources/db.changelog-1.3.xml', '2022-11-09 02:30:35.500993+01', 426, 'EXECUTED', '3:b6bca02ba95171a212ead3704760b41d', 'Update Data', 'Update work_report_type name from "Monthly timesheets" to "Personal
            timehsheets"', NULL, '2.0.5');
INSERT INTO public.databasechangelog (id, author, filename, dateexecuted, orderexecuted, exectype, md5sum, description, comments, tag, liquibase) VALUES ('add-personal_timesheets_periodicity-column-to-configuration', 'mrego', 'src/main/resources/db.changelog-1.3.xml', '2022-11-09 02:30:35.500993+01', 427, 'EXECUTED', '3:bcb66fc0ee64a06c7aeee7df6a8c64d1', 'Add Column, Update Data', 'Add personal_timesheets_periodicity column to configuration', NULL, '2.0.5');
INSERT INTO public.databasechangelog (id, author, filename, dateexecuted, orderexecuted, exectype, md5sum, description, comments, tag, liquibase) VALUES ('rename-column-from-monthly-to-personal-in-configuration', 'mrego', 'src/main/resources/db.changelog-1.3.xml', '2022-11-09 02:30:35.500993+01', 428, 'EXECUTED', '3:21f778d292e09ef087005888af1f7f15', 'Drop Foreign Key Constraint, Rename Column, Add Foreign Key Constraint', 'Rename column monthly_timesheets_type_of_work_hours to
            personal_timesheets_type_of_work_hours in configuration table', NULL, '2.0.5');
INSERT INTO public.databasechangelog (id, author, filename, dateexecuted, orderexecuted, exectype, md5sum, description, comments, tag, liquibase) VALUES ('add-max_users-and-max_resources-columns-to-configuration', 'mrego', 'src/main/resources/db.changelog-1.3.xml', '2022-11-09 02:30:35.500993+01', 429, 'EXECUTED', '3:e098fa833f01deb6447f715e6c3dd5ff', 'Add Column (x2), Update Data (x2)', 'Add max_users and max_resources columns to configuration', NULL, '2.0.5');
INSERT INTO public.databasechangelog (id, author, filename, dateexecuted, orderexecuted, exectype, md5sum, description, comments, tag, liquibase) VALUES ('add-columns-first-and-last-timesheet_date-to-sum_charged_effort', 'mrego', 'src/main/resources/db.changelog-1.3.xml', '2022-11-09 02:30:35.500993+01', 430, 'EXECUTED', '3:44643d4a95daa8bfb8eb87350ca09b9c', 'Add Column (x2)', 'Add columns first_timesheet_date and last_timesheet_date to
            sum_charged_effort table', NULL, '2.0.5');
INSERT INTO public.databasechangelog (id, author, filename, dateexecuted, orderexecuted, exectype, md5sum, description, comments, tag, liquibase) VALUES ('add-new-column-read_only-to-advance_type', 'mrego', 'src/main/resources/db.changelog-1.3.xml', '2022-11-09 02:30:35.500993+01', 431, 'EXECUTED', '3:f188be8e7cb36ffc378ee1bbb1efe4c3', 'Add Column, Add Default Value, Add Not-Null Constraint', 'Add new column read_only with default value FALSE to advance_type
            table.', NULL, '2.0.5');
INSERT INTO public.databasechangelog (id, author, filename, dateexecuted, orderexecuted, exectype, md5sum, description, comments, tag, liquibase) VALUES ('add-new-column-finished-to-work_report_line', 'mrego', 'src/main/resources/db.changelog-1.3.xml', '2022-11-09 02:30:35.500993+01', 432, 'EXECUTED', '3:4179c949aced25d73e640b35729f5dc3', 'Add Column, Add Default Value, Add Not-Null Constraint', 'Add new column finished with default value FALSE to
            work_report_line table.', NULL, '2.0.5');
INSERT INTO public.databasechangelog (id, author, filename, dateexecuted, orderexecuted, exectype, md5sum, description, comments, tag, liquibase) VALUES ('add-new-column-finished_timesheets-to-sum_charged_effort', 'mrego', 'src/main/resources/db.changelog-1.3.xml', '2022-11-09 02:30:35.500993+01', 433, 'EXECUTED', '3:2e0afbe29878247b314daf44d13e7953', 'Add Column, Add Default Value, Add Not-Null Constraint', 'Add new column finished_timesheets with default value FALSE to
            sum_charged_effort table.', NULL, '2.0.5');
INSERT INTO public.databasechangelog (id, author, filename, dateexecuted, orderexecuted, exectype, md5sum, description, comments, tag, liquibase) VALUES ('add-new-column-updated_from_timesheets-to-task_element', 'mrego', 'src/main/resources/db.changelog-1.3.xml', '2022-11-09 02:30:35.500993+01', 434, 'EXECUTED', '3:8e277ed572a72c08c2d637c171f75faa', 'Add Column, Add Default Value, Add Not-Null Constraint', 'Add new column updated_from_timesheets with default value FALSE to
            task_element table.', NULL, '2.0.5');
INSERT INTO public.databasechangelog (id, author, filename, dateexecuted, orderexecuted, exectype, md5sum, description, comments, tag, liquibase) VALUES ('update-status-values-in-order_table', 'mrego', 'src/main/resources/db.changelog-1.3.xml', '2022-11-09 02:30:35.500993+01', 435, 'EXECUTED', '3:3a3f781e8ff867ecb6f049b95d2d36f6', 'Update Data (x7)', 'Updating status values in order_table', NULL, '2.0.5');
INSERT INTO public.databasechangelog (id, author, filename, dateexecuted, orderexecuted, exectype, md5sum, description, comments, tag, liquibase) VALUES ('drop-unique-constraint-code-in-order_element', 'mrego', 'src/main/resources/db.changelog-1.3.xml', '2022-11-09 02:30:35.500993+01', 436, 'EXECUTED', '3:a4fafb8fe670f6e03b1fe0aab68eeefe', 'Drop Unique Constraint', 'Drop unique constraint for code in order_element table', NULL, '2.0.5');
INSERT INTO public.databasechangelog (id, author, filename, dateexecuted, orderexecuted, exectype, md5sum, description, comments, tag, liquibase) VALUES ('add-seconds_planning_warning-column-to-configuration', 'mrego', 'src/main/resources/db.changelog-1.3.xml', '2022-11-09 02:30:35.500993+01', 437, 'EXECUTED', '3:812805ebd72a401ecab1d002ae7eff36', 'Add Column, Update Data, Add Not-Null Constraint', 'Add seconds_planning_warning column to configuration', NULL, '2.0.5');
INSERT INTO public.databasechangelog (id, author, filename, dateexecuted, orderexecuted, exectype, md5sum, description, comments, tag, liquibase) VALUES ('add-updatable-boolean-column-to-calendar-exception-type', 'acarro', 'src/main/resources/db.changelog-1.3.xml', '2022-11-09 02:30:35.500993+01', 438, 'EXECUTED', '3:0429ddb8ec22c38600f3e3b25bafeb20', 'Add Column, Add Default Value, Add Not-Null Constraint', 'Add new updatable boolean column to calendar exception type with default value TRUE', NULL, '2.0.5');
INSERT INTO public.databasechangelog (id, author, filename, dateexecuted, orderexecuted, exectype, md5sum, description, comments, tag, liquibase) VALUES ('create-table-order-sync-info', 'miciele', 'src/main/resources/db.changelog-1.3.xml', '2022-11-09 02:30:35.500993+01', 439, 'EXECUTED', '3:45e2401780cf78ac5187cd61a604bb4a', 'Create Table, Add Foreign Key Constraint', 'Create new table order_sync_info', NULL, '2.0.5');
INSERT INTO public.databasechangelog (id, author, filename, dateexecuted, orderexecuted, exectype, md5sum, description, comments, tag, liquibase) VALUES ('create-tables-related-to-connector-entity', 'rego', 'src/main/resources/db.changelog-1.3.xml', '2022-11-09 02:30:35.500993+01', 440, 'EXECUTED', '3:8d5a3216a2cc1e0113a4b8b080ddfd3b', 'Create Table (x2), Add Primary Key, Add Foreign Key Constraint', 'Create tables related to Connector entity', NULL, '2.0.5');
INSERT INTO public.databasechangelog (id, author, filename, dateexecuted, orderexecuted, exectype, md5sum, description, comments, tag, liquibase) VALUES ('create-table-job-scheduler-configuration', 'miciele', 'src/main/resources/db.changelog-1.3.xml', '2022-11-09 02:30:35.500993+01', 441, 'EXECUTED', '3:0a1913a9dbb8d4504471417d1fafba5b', 'Create Table', 'Create new table job_scheduler_configuration', NULL, '2.0.5');
INSERT INTO public.databasechangelog (id, author, filename, dateexecuted, orderexecuted, exectype, md5sum, description, comments, tag, liquibase) VALUES ('add-projects_filter_period_since-column-to-user_table', 'ltilve', 'src/main/resources/db.changelog-1.3.xml', '2022-11-09 02:30:35.500993+01', 442, 'EXECUTED', '3:655c5015d27f29176924aea0a75c074c', 'Add Column', 'Add column to store project filtering interval ''range since'' parameter', NULL, '2.0.5');
INSERT INTO public.databasechangelog (id, author, filename, dateexecuted, orderexecuted, exectype, md5sum, description, comments, tag, liquibase) VALUES ('add-projects_filter_period_to-column-to-user_table', 'ltilve', 'src/main/resources/db.changelog-1.3.xml', '2022-11-09 02:30:35.500993+01', 443, 'EXECUTED', '3:eeed9d2d9655d8ca97db00f088e08a3e', 'Add Column', 'Add column to store project filtering interval ''range to'' parameter', NULL, '2.0.5');
INSERT INTO public.databasechangelog (id, author, filename, dateexecuted, orderexecuted, exectype, md5sum, description, comments, tag, liquibase) VALUES ('add-resources_load_filter_period_since-column-to-user_table', 'ltilve', 'src/main/resources/db.changelog-1.3.xml', '2022-11-09 02:30:35.500993+01', 444, 'EXECUTED', '3:7bcf0c413c87bcf38b4c61689f5246fa', 'Add Column', 'Add column to store resources load filtering interval ''range since'' parameter', NULL, '2.0.5');
INSERT INTO public.databasechangelog (id, author, filename, dateexecuted, orderexecuted, exectype, md5sum, description, comments, tag, liquibase) VALUES ('add-resources_load_filter_period_to-column-to-user_table', 'ltilve', 'src/main/resources/db.changelog-1.3.xml', '2022-11-09 02:30:35.500993+01', 445, 'EXECUTED', '3:4c4bbe1465a2536bd808e2efe000805d', 'Add Column', 'Add column to store resources load filtering interval ''range to'' parameter', NULL, '2.0.5');
INSERT INTO public.databasechangelog (id, author, filename, dateexecuted, orderexecuted, exectype, md5sum, description, comments, tag, liquibase) VALUES ('add-projects_filter_label_id-column-to-user_table', 'ltilve', 'src/main/resources/db.changelog-1.3.xml', '2022-11-09 02:30:35.500993+01', 446, 'EXECUTED', '3:7f70067dbcb427e6c7715d6fd00ff21e', 'Add Column', 'Add column to store label reference for default project filtering', NULL, '2.0.5');
INSERT INTO public.databasechangelog (id, author, filename, dateexecuted, orderexecuted, exectype, md5sum, description, comments, tag, liquibase) VALUES ('add-resources_load_filter_criterion_id-column-to-user_table', 'ltilve', 'src/main/resources/db.changelog-1.3.xml', '2022-11-09 02:30:35.500993+01', 447, 'EXECUTED', '3:2c80e7f49b55cd5644966b3d2b4c3b36', 'Add Column', 'Add column to store criterion reference for default resources load filtering', NULL, '2.0.5');
INSERT INTO public.databasechangelog (id, author, filename, dateexecuted, orderexecuted, exectype, md5sum, description, comments, tag, liquibase) VALUES ('add-projects_filter_label_id-fk-to-user_table', 'ltilve', 'src/main/resources/db.changelog-1.3.xml', '2022-11-09 02:30:35.500993+01', 448, 'EXECUTED', '3:d4eeb6e123ec468bb3168d7b97184f4b', 'Add Foreign Key Constraint', 'Add Foreign Key constraint on label reference', NULL, '2.0.5');
INSERT INTO public.databasechangelog (id, author, filename, dateexecuted, orderexecuted, exectype, md5sum, description, comments, tag, liquibase) VALUES ('add-resources_load_filter_fk_id-column-to-user_table', 'ltilve', 'src/main/resources/db.changelog-1.3.xml', '2022-11-09 02:30:35.500993+01', 449, 'EXECUTED', '3:ba6c3438f5e60e881e96f7c6b768b1c9', 'Add Foreign Key Constraint', 'Add Foreign Key constraint on criterion reference', NULL, '2.0.5');


--
-- TOC entry 4275 (class 0 OID 34806)
-- Dependencies: 214
-- Data for Name: databasechangeloglock; Type: TABLE DATA; Schema: public; Owner: postgres
--

INSERT INTO public.databasechangeloglock (id, locked, lockgranted, lockedby) VALUES (1, false, NULL, NULL);


--
-- TOC entry 4318 (class 0 OID 35033)
-- Dependencies: 257
-- Data for Name: machine; Type: TABLE DATA; Schema: public; Owner: postgres
--



--
-- TOC entry 4321 (class 0 OID 35048)
-- Dependencies: 260
-- Data for Name: machine_workers_configuration_unit; Type: TABLE DATA; Schema: public; Owner: postgres
--



--
-- TOC entry 4298 (class 0 OID 34931)
-- Dependencies: 237
-- Data for Name: derived_allocation; Type: TABLE DATA; Schema: public; Owner: postgres
--



--
-- TOC entry 4299 (class 0 OID 34936)
-- Dependencies: 238
-- Data for Name: derived_day_assignments_container; Type: TABLE DATA; Schema: public; Owner: postgres
--



--
-- TOC entry 4306 (class 0 OID 34971)
-- Dependencies: 245
-- Data for Name: generic_day_assignments_container; Type: TABLE DATA; Schema: public; Owner: postgres
--



--
-- TOC entry 4355 (class 0 OID 35218)
-- Dependencies: 294
-- Data for Name: specific_resource_allocation; Type: TABLE DATA; Schema: public; Owner: postgres
--



--
-- TOC entry 4354 (class 0 OID 35213)
-- Dependencies: 293
-- Data for Name: specific_day_assignments_container; Type: TABLE DATA; Schema: public; Owner: postgres
--



--
-- TOC entry 4296 (class 0 OID 34921)
-- Dependencies: 235
-- Data for Name: day_assignment; Type: TABLE DATA; Schema: public; Owner: postgres
--



--
-- TOC entry 4386 (class 0 OID 36333)
-- Dependencies: 325
-- Data for Name: deadline_communication; Type: TABLE DATA; Schema: public; Owner: postgres
--



--
-- TOC entry 4314 (class 0 OID 35015)
-- Dependencies: 253
-- Data for Name: limiting_resource_queue; Type: TABLE DATA; Schema: public; Owner: postgres
--



--
-- TOC entry 4316 (class 0 OID 35025)
-- Dependencies: 255
-- Data for Name: limiting_resource_queue_element; Type: TABLE DATA; Schema: public; Owner: postgres
--



--
-- TOC entry 4315 (class 0 OID 35020)
-- Dependencies: 254
-- Data for Name: limiting_resource_queue_dependency; Type: TABLE DATA; Schema: public; Owner: postgres
--



--
-- TOC entry 4297 (class 0 OID 34926)
-- Dependencies: 236
-- Data for Name: dependency; Type: TABLE DATA; Schema: public; Owner: postgres
--



--
-- TOC entry 4376 (class 0 OID 35325)
-- Dependencies: 315
-- Data for Name: work_report_type; Type: TABLE DATA; Schema: public; Owner: postgres
--

INSERT INTO public.work_report_type (id, version, name, code, date_is_shared_by_lines, resource_is_shared_in_lines, order_element_is_shared_in_lines, code_autogenerated, hours_management) VALUES (1717, 3, 'Default', 'WORKREPORTTYPE0001', false, false, false, true, 0);
INSERT INTO public.work_report_type (id, version, name, code, date_is_shared_by_lines, resource_is_shared_in_lines, order_element_is_shared_in_lines, code_autogenerated, hours_management) VALUES (1718, 2, 'Personal timesheets', 'WORKREPORTTYPE0002', false, true, false, true, 0);
INSERT INTO public.work_report_type (id, version, name, code, date_is_shared_by_lines, resource_is_shared_in_lines, order_element_is_shared_in_lines, code_autogenerated, hours_management) VALUES (1719, 1, 'JIRA timesheets', 'WORKREPORTTYPE0003', false, false, false, true, 0);


--
-- TOC entry 4373 (class 0 OID 35310)
-- Dependencies: 312
-- Data for Name: work_report; Type: TABLE DATA; Schema: public; Owner: postgres
--



--
-- TOC entry 4300 (class 0 OID 34941)
-- Dependencies: 239
-- Data for Name: description_values; Type: TABLE DATA; Schema: public; Owner: postgres
--



--
-- TOC entry 4375 (class 0 OID 35320)
-- Dependencies: 314
-- Data for Name: work_report_line; Type: TABLE DATA; Schema: public; Owner: postgres
--



--
-- TOC entry 4301 (class 0 OID 34946)
-- Dependencies: 240
-- Data for Name: description_values_in_line; Type: TABLE DATA; Schema: public; Owner: postgres
--



--
-- TOC entry 4388 (class 0 OID 36343)
-- Dependencies: 327
-- Data for Name: end_date_communication; Type: TABLE DATA; Schema: public; Owner: postgres
--



--
-- TOC entry 4304 (class 0 OID 34959)
-- Dependencies: 243
-- Data for Name: entity_sequence; Type: TABLE DATA; Schema: public; Owner: postgres
--

INSERT INTO public.entity_sequence (id, version, entity_name, prefix, last_value, number_of_digits, active) VALUES (112, 16, 11, 'CALENDAR_EXCEPTION_TYPE', 7, 4, true);
INSERT INTO public.entity_sequence (id, version, entity_name, prefix, last_value, number_of_digits, active) VALUES (108, 15, 7, 'WORK_HOURS_TYPE', 2, 4, true);
INSERT INTO public.entity_sequence (id, version, entity_name, prefix, last_value, number_of_digits, active) VALUES (103, 19, 2, 'LABEL', 1, 4, true);
INSERT INTO public.entity_sequence (id, version, entity_name, prefix, last_value, number_of_digits, active) VALUES (109, 13, 8, 'MATERIAL_CATEGORY', 1, 4, true);
INSERT INTO public.entity_sequence (id, version, entity_name, prefix, last_value, number_of_digits, active) VALUES (106, 23, 5, 'UNIT_TYPE', 8, 4, true);
INSERT INTO public.entity_sequence (id, version, entity_name, prefix, last_value, number_of_digits, active) VALUES (102, 22, 1, 'CRITERION', 3, 4, true);
INSERT INTO public.entity_sequence (id, version, entity_name, prefix, last_value, number_of_digits, active) VALUES (111, 13, 10, 'WORKREPORTTYPE', 3, 4, true);
INSERT INTO public.entity_sequence (id, version, entity_name, prefix, last_value, number_of_digits, active) VALUES (101, 20, 0, 'ORDER', 0, 4, true);
INSERT INTO public.entity_sequence (id, version, entity_name, prefix, last_value, number_of_digits, active) VALUES (104, 17, 3, 'MACHINE', 0, 4, true);
INSERT INTO public.entity_sequence (id, version, entity_name, prefix, last_value, number_of_digits, active) VALUES (105, 16, 4, 'WORKER', 0, 4, true);
INSERT INTO public.entity_sequence (id, version, entity_name, prefix, last_value, number_of_digits, active) VALUES (107, 14, 6, 'CALENDAR', 1, 4, true);
INSERT INTO public.entity_sequence (id, version, entity_name, prefix, last_value, number_of_digits, active) VALUES (110, 11, 9, 'WORK_REPORT', 0, 4, true);
INSERT INTO public.entity_sequence (id, version, entity_name, prefix, last_value, number_of_digits, active) VALUES (113, 8, 12, 'COST_CATEGORY', 0, 4, true);
INSERT INTO public.entity_sequence (id, version, entity_name, prefix, last_value, number_of_digits, active) VALUES (114, 7, 13, 'RESOURCE_CALENDAR', 0, 4, true);
INSERT INTO public.entity_sequence (id, version, entity_name, prefix, last_value, number_of_digits, active) VALUES (115, 6, 14, 'CRITERION_SATISFACTION', 0, 4, true);
INSERT INTO public.entity_sequence (id, version, entity_name, prefix, last_value, number_of_digits, active) VALUES (116, 5, 15, 'RESOURCE_COST_CATEGORY_ASSIGNMENT', 0, 4, true);
INSERT INTO public.entity_sequence (id, version, entity_name, prefix, last_value, number_of_digits, active) VALUES (117, 4, 16, 'EXPENSE_SHEET', 0, 4, true);


--
-- TOC entry 4389 (class 0 OID 36353)
-- Dependencies: 328
-- Data for Name: expense_sheet; Type: TABLE DATA; Schema: public; Owner: postgres
--



--
-- TOC entry 4390 (class 0 OID 36360)
-- Dependencies: 329
-- Data for Name: expense_sheet_line; Type: TABLE DATA; Schema: public; Owner: postgres
--



--
-- TOC entry 4308 (class 0 OID 34981)
-- Dependencies: 247
-- Data for Name: heading_field; Type: TABLE DATA; Schema: public; Owner: postgres
--



--
-- TOC entry 4380 (class 0 OID 36246)
-- Dependencies: 319
-- Data for Name: hibernate_unique_key; Type: TABLE DATA; Schema: public; Owner: postgres
--

INSERT INTO public.hibernate_unique_key (next_hi) VALUES (19);


--
-- TOC entry 4309 (class 0 OID 34984)
-- Dependencies: 248
-- Data for Name: hour_cost; Type: TABLE DATA; Schema: public; Owner: postgres
--



--
-- TOC entry 4397 (class 0 OID 36473)
-- Dependencies: 336
-- Data for Name: job_scheduler_configuration; Type: TABLE DATA; Schema: public; Owner: postgres
--



--
-- TOC entry 4317 (class 0 OID 35030)
-- Dependencies: 256
-- Data for Name: line_field; Type: TABLE DATA; Schema: public; Owner: postgres
--

INSERT INTO public.line_field (heading_id, fieldname, length, positionnumber) VALUES (1719, 'Comment', 255, 0);


--
-- TOC entry 4319 (class 0 OID 35040)
-- Dependencies: 258
-- Data for Name: machine_configuration_unit_required_criterions; Type: TABLE DATA; Schema: public; Owner: postgres
--



--
-- TOC entry 4377 (class 0 OID 35332)
-- Dependencies: 316
-- Data for Name: worker; Type: TABLE DATA; Schema: public; Owner: postgres
--



--
-- TOC entry 4320 (class 0 OID 35043)
-- Dependencies: 259
-- Data for Name: machine_worker_assignment; Type: TABLE DATA; Schema: public; Owner: postgres
--



--
-- TOC entry 4382 (class 0 OID 36298)
-- Dependencies: 321
-- Data for Name: manual_function; Type: TABLE DATA; Schema: public; Owner: postgres
--



--
-- TOC entry 4325 (class 0 OID 35070)
-- Dependencies: 264
-- Data for Name: material_category; Type: TABLE DATA; Schema: public; Owner: postgres
--

INSERT INTO public.material_category (id, version, code, name, code_autogenerated, last_material_sequence_code, parent_id) VALUES (1111, 1, 'MATERIAL_CATEGORY0001', 'Imported materials without category', true, 0, NULL);


--
-- TOC entry 4369 (class 0 OID 35288)
-- Dependencies: 308
-- Data for Name: unit_type; Type: TABLE DATA; Schema: public; Owner: postgres
--

INSERT INTO public.unit_type (id, version, code, measure, code_autogenerated) VALUES (1212, 8, 'UNIT_TYPE0001', 'units', true);
INSERT INTO public.unit_type (id, version, code, measure, code_autogenerated) VALUES (1213, 7, 'UNIT_TYPE0002', 'kg', true);
INSERT INTO public.unit_type (id, version, code, measure, code_autogenerated) VALUES (1214, 6, 'UNIT_TYPE0003', 'km', true);
INSERT INTO public.unit_type (id, version, code, measure, code_autogenerated) VALUES (1215, 5, 'UNIT_TYPE0004', 'l', true);
INSERT INTO public.unit_type (id, version, code, measure, code_autogenerated) VALUES (1216, 4, 'UNIT_TYPE0005', 'm', true);
INSERT INTO public.unit_type (id, version, code, measure, code_autogenerated) VALUES (1217, 3, 'UNIT_TYPE0006', 'm2', true);
INSERT INTO public.unit_type (id, version, code, measure, code_autogenerated) VALUES (1218, 2, 'UNIT_TYPE0007', 'm3', true);
INSERT INTO public.unit_type (id, version, code, measure, code_autogenerated) VALUES (1219, 1, 'UNIT_TYPE0008', 'tn', true);


--
-- TOC entry 4322 (class 0 OID 35053)
-- Dependencies: 261
-- Data for Name: material; Type: TABLE DATA; Schema: public; Owner: postgres
--



--
-- TOC entry 4323 (class 0 OID 35060)
-- Dependencies: 262
-- Data for Name: material_assigment; Type: TABLE DATA; Schema: public; Owner: postgres
--



--
-- TOC entry 4324 (class 0 OID 35065)
-- Dependencies: 263
-- Data for Name: material_assigment_template; Type: TABLE DATA; Schema: public; Owner: postgres
--



--
-- TOC entry 4336 (class 0 OID 35127)
-- Dependencies: 275
-- Data for Name: order_table; Type: TABLE DATA; Schema: public; Owner: postgres
--



--
-- TOC entry 4341 (class 0 OID 35152)
-- Dependencies: 280
-- Data for Name: profile_table; Type: TABLE DATA; Schema: public; Owner: postgres
--

INSERT INTO public.profile_table (id, version, profile_name) VALUES (1616, 0, 'Systems Administrator');
INSERT INTO public.profile_table (id, version, profile_name) VALUES (1617, 0, 'Project Manager');
INSERT INTO public.profile_table (id, version, profile_name) VALUES (1618, 0, 'Human Resources & Costs Manager');
INSERT INTO public.profile_table (id, version, profile_name) VALUES (1619, 0, 'Time Tracking & Expenses Responsible');
INSERT INTO public.profile_table (id, version, profile_name) VALUES (1620, 0, 'Outsourcing Manager');
INSERT INTO public.profile_table (id, version, profile_name) VALUES (1621, 0, 'Reports Responsible');


--
-- TOC entry 4326 (class 0 OID 35077)
-- Dependencies: 265
-- Data for Name: order_authorization; Type: TABLE DATA; Schema: public; Owner: postgres
--



--
-- TOC entry 4328 (class 0 OID 35091)
-- Dependencies: 267
-- Data for Name: order_element_label; Type: TABLE DATA; Schema: public; Owner: postgres
--



--
-- TOC entry 4330 (class 0 OID 35101)
-- Dependencies: 269
-- Data for Name: order_element_template_label; Type: TABLE DATA; Schema: public; Owner: postgres
--



--
-- TOC entry 4342 (class 0 OID 35157)
-- Dependencies: 281
-- Data for Name: quality_form; Type: TABLE DATA; Schema: public; Owner: postgres
--



--
-- TOC entry 4331 (class 0 OID 35104)
-- Dependencies: 270
-- Data for Name: order_element_template_quality_form; Type: TABLE DATA; Schema: public; Owner: postgres
--



--
-- TOC entry 4334 (class 0 OID 35117)
-- Dependencies: 273
-- Data for Name: order_line_group_template; Type: TABLE DATA; Schema: public; Owner: postgres
--



--
-- TOC entry 4392 (class 0 OID 36441)
-- Dependencies: 331
-- Data for Name: order_sync_info; Type: TABLE DATA; Schema: public; Owner: postgres
--



--
-- TOC entry 4337 (class 0 OID 35134)
-- Dependencies: 276
-- Data for Name: order_template; Type: TABLE DATA; Schema: public; Owner: postgres
--



--
-- TOC entry 4338 (class 0 OID 35139)
-- Dependencies: 277
-- Data for Name: order_version; Type: TABLE DATA; Schema: public; Owner: postgres
--



--
-- TOC entry 4362 (class 0 OID 35255)
-- Dependencies: 301
-- Data for Name: task_group; Type: TABLE DATA; Schema: public; Owner: postgres
--



--
-- TOC entry 4339 (class 0 OID 35144)
-- Dependencies: 278
-- Data for Name: planning_data; Type: TABLE DATA; Schema: public; Owner: postgres
--



--
-- TOC entry 4340 (class 0 OID 35149)
-- Dependencies: 279
-- Data for Name: profile_roles; Type: TABLE DATA; Schema: public; Owner: postgres
--

INSERT INTO public.profile_roles (profile_id, role) VALUES (1616, 'ROLE_JOB_SCHEDULING');
INSERT INTO public.profile_roles (profile_id, role) VALUES (1616, 'ROLE_MAIN_SETTINGS');
INSERT INTO public.profile_roles (profile_id, role) VALUES (1616, 'ROLE_PROFILES');
INSERT INTO public.profile_roles (profile_id, role) VALUES (1616, 'ROLE_USER_ACCOUNTS');
INSERT INTO public.profile_roles (profile_id, role) VALUES (1617, 'ROLE_RECEIVED_FROM_SUBCONTRACTORS');
INSERT INTO public.profile_roles (profile_id, role) VALUES (1617, 'ROLE_QUALITY_FORMS');
INSERT INTO public.profile_roles (profile_id, role) VALUES (1617, 'ROLE_ESTIMATED_PLANNED_HOURS_PER_TASK_REPORT');
INSERT INTO public.profile_roles (profile_id, role) VALUES (1617, 'ROLE_CALENDARS');
INSERT INTO public.profile_roles (profile_id, role) VALUES (1617, 'ROLE_CREATE_PROJECTS');
INSERT INTO public.profile_roles (profile_id, role) VALUES (1617, 'ROLE_EDIT_ALL_PROJECTS');
INSERT INTO public.profile_roles (profile_id, role) VALUES (1617, 'ROLE_MATERIAL_UNITS');
INSERT INTO public.profile_roles (profile_id, role) VALUES (1617, 'ROLE_LABELS');
INSERT INTO public.profile_roles (profile_id, role) VALUES (1617, 'ROLE_WORK_AND_PROGRESS_PER_PROJECT_REPORT');
INSERT INTO public.profile_roles (profile_id, role) VALUES (1617, 'ROLE_CRITERIA');
INSERT INTO public.profile_roles (profile_id, role) VALUES (1617, 'ROLE_PROGRESS_TYPES');
INSERT INTO public.profile_roles (profile_id, role) VALUES (1617, 'ROLE_MACHINES');
INSERT INTO public.profile_roles (profile_id, role) VALUES (1617, 'ROLE_MATERIALS_NEED_AT_DATE_REPORT');
INSERT INTO public.profile_roles (profile_id, role) VALUES (1617, 'ROLE_TASK_SCHEDULING_STATUS_IN_PROJECT_REPORT');
INSERT INTO public.profile_roles (profile_id, role) VALUES (1617, 'ROLE_READ_ALL_PROJECTS');
INSERT INTO public.profile_roles (profile_id, role) VALUES (1617, 'ROLE_WORK_AND_PROGRESS_PER_TASK_REPORT');
INSERT INTO public.profile_roles (profile_id, role) VALUES (1617, 'ROLE_CALENDAR_EXCEPTION_DAYS');
INSERT INTO public.profile_roles (profile_id, role) VALUES (1617, 'ROLE_WORKERS');
INSERT INTO public.profile_roles (profile_id, role) VALUES (1617, 'ROLE_RECEIVED_FROM_CUSTOMERS');
INSERT INTO public.profile_roles (profile_id, role) VALUES (1617, 'ROLE_MATERIALS');
INSERT INTO public.profile_roles (profile_id, role) VALUES (1617, 'ROLE_PLANNING');
INSERT INTO public.profile_roles (profile_id, role) VALUES (1617, 'ROLE_VIRTUAL_WORKERS');
INSERT INTO public.profile_roles (profile_id, role) VALUES (1617, 'ROLE_TEMPLATES');
INSERT INTO public.profile_roles (profile_id, role) VALUES (1618, 'ROLE_MACHINES');
INSERT INTO public.profile_roles (profile_id, role) VALUES (1618, 'ROLE_CALENDARS');
INSERT INTO public.profile_roles (profile_id, role) VALUES (1618, 'ROLE_PROJECT_COSTS_REPORT');
INSERT INTO public.profile_roles (profile_id, role) VALUES (1618, 'ROLE_CALENDAR_EXCEPTION_DAYS');
INSERT INTO public.profile_roles (profile_id, role) VALUES (1618, 'ROLE_WORKERS');
INSERT INTO public.profile_roles (profile_id, role) VALUES (1618, 'ROLE_HOURS_TYPES');
INSERT INTO public.profile_roles (profile_id, role) VALUES (1618, 'ROLE_COST_CATEGORIES');
INSERT INTO public.profile_roles (profile_id, role) VALUES (1618, 'ROLE_VIRTUAL_WORKERS');
INSERT INTO public.profile_roles (profile_id, role) VALUES (1619, 'ROLE_EXPENSES');
INSERT INTO public.profile_roles (profile_id, role) VALUES (1619, 'ROLE_TIMESHEET_LINES_LIST');
INSERT INTO public.profile_roles (profile_id, role) VALUES (1619, 'ROLE_TIMESHEETS');
INSERT INTO public.profile_roles (profile_id, role) VALUES (1619, 'ROLE_HOURS_TYPES');
INSERT INTO public.profile_roles (profile_id, role) VALUES (1619, 'ROLE_TOTAL_WORKED_HOURS_BY_RESOURCE_IN_A_MONTH_REPORT');
INSERT INTO public.profile_roles (profile_id, role) VALUES (1619, 'ROLE_HOURS_WORKED_PER_RESOURCE_REPORT');
INSERT INTO public.profile_roles (profile_id, role) VALUES (1619, 'ROLE_TIMESHEETS_TEMPLATES');
INSERT INTO public.profile_roles (profile_id, role) VALUES (1620, 'ROLE_SEND_TO_CUSTOMERS');
INSERT INTO public.profile_roles (profile_id, role) VALUES (1620, 'ROLE_RECEIVED_FROM_SUBCONTRACTORS');
INSERT INTO public.profile_roles (profile_id, role) VALUES (1620, 'ROLE_COMPANIES');
INSERT INTO public.profile_roles (profile_id, role) VALUES (1620, 'ROLE_SEND_TO_SUBCONTRACTORS');
INSERT INTO public.profile_roles (profile_id, role) VALUES (1620, 'ROLE_RECEIVED_FROM_CUSTOMERS');
INSERT INTO public.profile_roles (profile_id, role) VALUES (1621, 'ROLE_MATERIALS_NEED_AT_DATE_REPORT');
INSERT INTO public.profile_roles (profile_id, role) VALUES (1621, 'ROLE_ESTIMATED_PLANNED_HOURS_PER_TASK_REPORT');
INSERT INTO public.profile_roles (profile_id, role) VALUES (1621, 'ROLE_TASK_SCHEDULING_STATUS_IN_PROJECT_REPORT');
INSERT INTO public.profile_roles (profile_id, role) VALUES (1621, 'ROLE_PROJECT_COSTS_REPORT');
INSERT INTO public.profile_roles (profile_id, role) VALUES (1621, 'ROLE_READ_ALL_PROJECTS');
INSERT INTO public.profile_roles (profile_id, role) VALUES (1621, 'ROLE_WORK_AND_PROGRESS_PER_TASK_REPORT');
INSERT INTO public.profile_roles (profile_id, role) VALUES (1621, 'ROLE_PROJECT_STATUS_REPORT');
INSERT INTO public.profile_roles (profile_id, role) VALUES (1621, 'ROLE_TOTAL_WORKED_HOURS_BY_RESOURCE_IN_A_MONTH_REPORT');
INSERT INTO public.profile_roles (profile_id, role) VALUES (1621, 'ROLE_HOURS_WORKED_PER_RESOURCE_REPORT');
INSERT INTO public.profile_roles (profile_id, role) VALUES (1621, 'ROLE_WORK_AND_PROGRESS_PER_PROJECT_REPORT');


--
-- TOC entry 4343 (class 0 OID 35164)
-- Dependencies: 282
-- Data for Name: quality_form_items; Type: TABLE DATA; Schema: public; Owner: postgres
--



--
-- TOC entry 4347 (class 0 OID 35182)
-- Dependencies: 286
-- Data for Name: resources_cost_category_assignment; Type: TABLE DATA; Schema: public; Owner: postgres
--



--
-- TOC entry 4348 (class 0 OID 35187)
-- Dependencies: 287
-- Data for Name: roles_table; Type: TABLE DATA; Schema: public; Owner: postgres
--

INSERT INTO public.roles_table (user_id, role) VALUES (1818, 'ROLE_READ_ALL_PROJECTS');
INSERT INTO public.roles_table (user_id, role) VALUES (1818, 'ROLE_CREATE_PROJECTS');
INSERT INTO public.roles_table (user_id, role) VALUES (1818, 'ROLE_EDIT_ALL_PROJECTS');
INSERT INTO public.roles_table (user_id, role) VALUES (1818, 'ROLE_SUPERUSER');
INSERT INTO public.roles_table (user_id, role) VALUES (1819, 'ROLE_WS_READER');
INSERT INTO public.roles_table (user_id, role) VALUES (1820, 'ROLE_WS_WRITER');
INSERT INTO public.roles_table (user_id, role) VALUES (1820, 'ROLE_WS_READER');
INSERT INTO public.roles_table (user_id, role) VALUES (1821, 'ROLE_WS_SUBCONTRACTING');


--
-- TOC entry 4350 (class 0 OID 35197)
-- Dependencies: 289
-- Data for Name: scenario_orders; Type: TABLE DATA; Schema: public; Owner: postgres
--



--
-- TOC entry 4351 (class 0 OID 35200)
-- Dependencies: 290
-- Data for Name: scheduling_data_for_version; Type: TABLE DATA; Schema: public; Owner: postgres
--



--
-- TOC entry 4352 (class 0 OID 35205)
-- Dependencies: 291
-- Data for Name: scheduling_states_by_order_version; Type: TABLE DATA; Schema: public; Owner: postgres
--



--
-- TOC entry 4353 (class 0 OID 35208)
-- Dependencies: 292
-- Data for Name: sigmoid_function; Type: TABLE DATA; Schema: public; Owner: postgres
--



--
-- TOC entry 4357 (class 0 OID 35226)
-- Dependencies: 296
-- Data for Name: stretches_function; Type: TABLE DATA; Schema: public; Owner: postgres
--



--
-- TOC entry 4356 (class 0 OID 35223)
-- Dependencies: 295
-- Data for Name: stretches; Type: TABLE DATA; Schema: public; Owner: postgres
--



--
-- TOC entry 4384 (class 0 OID 36325)
-- Dependencies: 323
-- Data for Name: subcontractor_communication; Type: TABLE DATA; Schema: public; Owner: postgres
--



--
-- TOC entry 4385 (class 0 OID 36330)
-- Dependencies: 324
-- Data for Name: subcontractor_communication_values; Type: TABLE DATA; Schema: public; Owner: postgres
--



--
-- TOC entry 4387 (class 0 OID 36338)
-- Dependencies: 326
-- Data for Name: subcontractor_deliver_date; Type: TABLE DATA; Schema: public; Owner: postgres
--



--
-- TOC entry 4359 (class 0 OID 35238)
-- Dependencies: 298
-- Data for Name: sum_charged_effort; Type: TABLE DATA; Schema: public; Owner: postgres
--



--
-- TOC entry 4391 (class 0 OID 36401)
-- Dependencies: 330
-- Data for Name: sum_expenses; Type: TABLE DATA; Schema: public; Owner: postgres
--



--
-- TOC entry 4363 (class 0 OID 35260)
-- Dependencies: 302
-- Data for Name: task_milestone; Type: TABLE DATA; Schema: public; Owner: postgres
--



--
-- TOC entry 4364 (class 0 OID 35265)
-- Dependencies: 303
-- Data for Name: task_quality_form; Type: TABLE DATA; Schema: public; Owner: postgres
--



--
-- TOC entry 4365 (class 0 OID 35270)
-- Dependencies: 304
-- Data for Name: task_quality_form_items; Type: TABLE DATA; Schema: public; Owner: postgres
--



--
-- TOC entry 4366 (class 0 OID 35273)
-- Dependencies: 305
-- Data for Name: task_source; Type: TABLE DATA; Schema: public; Owner: postgres
--



--
-- TOC entry 4367 (class 0 OID 35278)
-- Dependencies: 306
-- Data for Name: task_source_hours_groups; Type: TABLE DATA; Schema: public; Owner: postgres
--



--
-- TOC entry 4370 (class 0 OID 35295)
-- Dependencies: 309
-- Data for Name: user_profiles; Type: TABLE DATA; Schema: public; Owner: postgres
--

INSERT INTO public.user_profiles (user_id, profile_id) VALUES (1822, 1617);
INSERT INTO public.user_profiles (user_id, profile_id) VALUES (1823, 1618);
INSERT INTO public.user_profiles (user_id, profile_id) VALUES (1824, 1620);
INSERT INTO public.user_profiles (user_id, profile_id) VALUES (1825, 1621);


--
-- TOC entry 4372 (class 0 OID 35305)
-- Dependencies: 311
-- Data for Name: virtual_worker; Type: TABLE DATA; Schema: public; Owner: postgres
--



--
-- TOC entry 4374 (class 0 OID 35315)
-- Dependencies: 313
-- Data for Name: work_report_label_type_assigment; Type: TABLE DATA; Schema: public; Owner: postgres
--



--
-- TOC entry 4378 (class 0 OID 35339)
-- Dependencies: 317
-- Data for Name: workreports_labels; Type: TABLE DATA; Schema: public; Owner: postgres
--



--
-- TOC entry 4379 (class 0 OID 35342)
-- Dependencies: 318
-- Data for Name: workreportslines_labels; Type: TABLE DATA; Schema: public; Owner: postgres
--



--
-- TOC entry 4403 (class 0 OID 0)
-- Dependencies: 332
-- Name: connector_id_seq; Type: SEQUENCE SET; Schema: public; Owner: postgres
--

SELECT pg_catalog.setval('public.connector_id_seq', 1, false);


--
-- TOC entry 4404 (class 0 OID 0)
-- Dependencies: 335
-- Name: job_scheduler_configuration_id_seq; Type: SEQUENCE SET; Schema: public; Owner: postgres
--

SELECT pg_catalog.setval('public.job_scheduler_configuration_id_seq', 1, false);


-- Completed on 2022-11-09 02:47:20

--
-- PostgreSQL database dump complete
--

